Wind farm name;Total nominal power;Latitude;Longitude
 4 vents; 7,500 kW;" 48å¡ 28' 20.6""";" 4å¡ 9' 51.9"""
 Ablaincourt-Pressoir; 4,100 kW;" 49å¡ 50' 10.9""";" 2å¡ 47' 42.2"""
 Ablainzevelle; 2,000 kW;" 50å¡ 9' 10""";" 2å¡ 43' 55.9"""
 Achery-Mayot; 27,500 kW;" 49å¡ 41' 49.2""";" 3å¡ 24' 25"""
 Adriers; 10,000 kW;" 46å¡ 15' 37.5""";" 0å¡ 44' 48.6"""
 Agenville; 6,000 kW;" 50å¡ 10' 54.9""";" 2å¡ 6' 35.7"""
 Ailes de la Vence; 2,400 kW;" 49å¡ 35' 1.6""";" 4å¡ 39' 44.5"""
 Aire de Baie de Somme; 250 kW;" 50å¡ 10' 12""";" 1å¡ 45' 0"""
 Alizeo; 1,000 kW;" 42å¡ 47' 53.4""";" 2å¡ 53' 21.4"""
 Allanche; 12,000 kW;" 45å¡ 14' 14.5""";" 2å¡ 59' 18.4"""
 Allery; 4,600 kW;" 49å¡ 58' 19.4""";" 1å¡ 52' 46.4"""
 Allondrelle-la-Malmaison; 10,000 kW;" 49å¡ 30' 45.2""";" 5å¡ 32' 51.1"""
 Ally; 10,500 kW;" 45å¡ 8' 59.9""";" 3å¡ 17' 24"""
 Ambon; 10,020 kW;" 47å¡ 34' 50.2""";" -2å¡ 32' 22.7"""
 AmÌ©lÌ©court; 12,500 kW;" 48å¡ 50' 45.8""";" 6å¡ 28' 22.8"""
 Anguilcourt-le-Sart; 12,000 kW;" 49å¡ 42' 14""";" 3å¡ 25' 19.9"""
 Anoux-Saint-Saumont; 10,250 kW;" 49å¡ 16' 11.1""";" 5å¡ 53' 21.9"""
 AntoignÌ©; 8,000 kW;" 47å¡ 4' 55.8""";" -0å¡ 8' 38.1"""
 Ar Tri Milin; 9,000 kW;" 48å¡ 5' 54.4""";" -3å¡ 6' 51.6"""
 Archingeay; 8,000 kW;" 45å¡ 55' 54.6""";" -0å¡ 42' 19.6"""
 Ardin; 9,150 kW;" 46å¡ 28' 29.6""";" -0å¡ 33' 26.3"""
 Ardouval; 12,500 kW;" 49å¡ 44' 45.2""";" 1å¡ 16' 24.4"""
 Arfons 1; 12,000 kW;" 43å¡ 25' 21.2""";" 2å¡ 11' 25.7"""
 Arfons 2; 10,000 kW;" 43å¡ 25' 21.2""";" 2å¡ 11' 25.7"""
 Argentan; 4,800 kW;" 48å¡ 44' 38.4""";" -0å¡ 0' 59.6"""
 Argonne; 4,250 kW;" 48å¡ 57' 41""";" 4å¡ 48' 21.9"""
 ArguÌÇl Saint Mauvis; 4,000 kW;" 49å¡ 53' 29.9""";" 1å¡ 49' 41.6"""
 Arques; 12,000 kW;" 44å¡ 19' 17.6""";" 2å¡ 47' 22"""
 Artois; 23,100 kW;" 50å¡ 11' 45.6""";" 2å¡ 54' 19.5"""
 Arville; 12,000 kW;" 48å¡ 10' 54.7""";" 2å¡ 33' 27.9"""
 Assigny; 12,000 kW;" 49å¡ 59' 21.5""";" 1å¡ 16' 40"""
 Aubigeon; 12,500 kW;" 47å¡ 2' 15""";" 1å¡ 59' 31.2"""
 Aulnay-l‰ÛªAÌ¨tre; 8,000 kW;" 48å¡ 49' 23.7""";" 4å¡ 33' 56.2"""
 Aupiac; 500 kW;" 43å¡ 46' 49.6""";" 2å¡ 54' 22.4"""
 Aussac-Vadalle; 8,000 kW;" 45å¡ 49' 12""";" 0å¡ 12' 0"""
 Autremencourt; 2,500 kW;" 49å¡ 42' 18.5""";" 3å¡ 47' 10.1"""
 Auxois-Sud - Arconcey; 12,000 kW;" 47å¡ 14' 22.9""";" 4å¡ 27' 6.5"""
 Availles; 20,000 kW;" 46å¡ 51' 28.3""";" -0å¡ 8' 43.7"""
 Avesnes-Beauvoir; 12,000 kW;" 49å¡ 29' 5.8""";" 1å¡ 37' 32.8"""
 Avessac; 10,000 kW;" 47å¡ 39' 15.5""";" -1å¡ 59' 19.1"""
 Avignonet; 4,600 kW;" 43å¡ 22' 26.7""";" 1å¡ 48' 8.1"""
 AyssÌ¬nes; 12,000 kW;" 44å¡ 5' 31.7""";" 2å¡ 43' 49.2"""
 Bais; 2,300 kW;" 48å¡ 14' 56.8""";" -0å¡ 21' 48.6"""
 Bais et Trans; 6,000 kW;" 48å¡ 16' 27.1""";" -0å¡ 20' 17.2"""
 Bajouve; 12,000 kW;" 45å¡ 41' 0.5""";" 2å¡ 39' 56"""
 Balatre-Gruny-MarchÌ©; 9,200 kW;" 49å¡ 43' 51.4""";" 2å¡ 52' 4.7"""
 BalazÌ©; 2,300 kW;" 48å¡ 10' 0.8""";" -1å¡ 11' 15.7"""
 Bambesch; 12,000 kW;" 49å¡ 6' 5.8""";" 6å¡ 37' 2.8"""
 Barly; 10,000 kW;" 50å¡ 12' 10.6""";" 2å¡ 15' 51.5"""
 Baronville; 12,000 kW;" 48å¡ 56' 11.3""";" 6å¡ 34' 56"""
 Basse Thierache Sud; 17,100 kW;" 49å¡ 56' 19""";" 3å¡ 40' 8.7"""
 BaudignÌ©court; 12,300 kW;" 48å¡ 33' 1.5""";" 5å¡ 25' 18.6"""
 Baudreville; 11,500 kW;" 49å¡ 18' 19.6""";" -1å¡ 37' 36"""
 Beaucaire; 12,500 kW;" 43å¡ 46' 29.9""";" 4å¡ 38' 17.8"""
 Beaufou; 12,000 kW;" 46å¡ 48' 28.9""";" -1å¡ 33' 9"""
 Beaumetz-lÌ¬s-Aire; 4,600 kW;" 50å¡ 32' 26.5""";" 2å¡ 13' 43.1"""
 Beaumont; 12,000 kW;" 47å¡ 35' 30.9""";" -1å¡ 26' 25.2"""
 Beaumont-sur-Sarthe; 10,800 kW;" 48å¡ 15' 23.5""";" 0å¡ 8' 10.7"""
 Beauregard; 2,050 kW;" 48å¡ 49' 37.5""";" 5å¡ 15' 18.8"""
 Beaurevoir; 10,000 kW;" 49å¡ 59' 13.8""";" 3å¡ 20' 41.5"""
 BeausÌ©jour; 10,000 kW;" 47å¡ 28' 47.9""";" -1å¡ 14' 23.9"""
 Beausemblant; 2,000 kW;" 45å¡ 12' 36""";" 4å¡ 51' 36"""
 Beausoleil; 10,000 kW;" 48å¡ 0' 1.1""";" -2å¡ 27' 42.5"""
 Beauvois - Siracourt; 5,000 kW;" 50å¡ 22' 19.5""";" 2å¡ 15' 7.6"""
 BÌ©ganne; 8,200 kW;" 47å¡ 35' 44.3""";" -2å¡ 14' 22.5"""
 Bel Air; 8,000 kW;" 46å¡ 47' 11.4""";" -1å¡ 41' 2"""
 Bel-Air; 6,900 kW;" 48å¡ 25' 12""";" -2å¡ 25' 11.9"""
 Bel-Air (Saint-Caradec); 6,150 kW;" 48å¡ 11' 28.5""";" -2å¡ 51' 1.2"""
 Belrain; 8,000 kW;" 48å¡ 51' 47.4""";" 5å¡ 18' 26.6"""
 Bernay-Saint-Martin; 12,000 kW;" 46å¡ 5' 9""";" -0å¡ 39' 30.5"""
 Bernes; 12,300 kW;" 49å¡ 54' 33.9""";" 3å¡ 5' 47.7"""
 Berviller-en-Moselle; 10,250 kW;" 49å¡ 16' 11.9""";" 6å¡ 39' 45.6"""
 BÌ©theniville; 12,000 kW;" 49å¡ 17' 33.1""";" 4å¡ 22' 4.2"""
 Beuvraignes; 10,000 kW;" 49å¡ 40' 16.2""";" 2å¡ 47' 3"""
 Beuzec-Cap-Sizun; 1,500 kW;" 48å¡ 4' 35.6""";" -4å¡ 28' 46.8"""
 Biesles; 12,000 kW;" 48å¡ 5' 21.6""";" 5å¡ 18' 52.9"""
 Bignan; 2,000 kW;" 47å¡ 51' 39.1""";" -2å¡ 47' 19.4"""
 Blanc Mont; 13,800 kW;" 49å¡ 30' 56.9""";" 3å¡ 58' 49.7"""
 Blombay-L‰ÛªEchelle; 8,000 kW;" 49å¡ 49' 27.6""";" 4å¡ 27' 9"""
 Bodervedan; 3,200 kW;" 48å¡ 9' 29""";" -3å¡ 8' 53"""
 Bois Ballay; 12,500 kW;" 46å¡ 52' 50.4""";" 2å¡ 9' 37.7"""
 Bois Bigot; 10,000 kW;" 48å¡ 20' 20.2""";" 1å¡ 40' 50.9"""
 Bois de Bajouve; 12,000 kW;" 45å¡ 40' 46.8""";" 2å¡ 40' 50.9"""
 Bois de Belfay; 20,000 kW;" 48å¡ 21' 9.9""";" 7å¡ 6' 42.8"""
 Bois de Belfays; 20,000 kW;" 48å¡ 20' 47""";" 7å¡ 4' 9.3"""
 Bois de Folleville; 6,150 kW;" 48å¡ 3' 40.9""";" -2å¡ 41' 10.5"""
 Bois de Grisan; 16,000 kW;" 47å¡ 49' 9""";" -2å¡ 16' 50"""
 Bois de la Serre; 22,550 kW;" 43å¡ 25' 55.9""";" 2å¡ 14' 3.1"""
 Bois de l‰ÛªArche; 11,500 kW;" 48å¡ 17' 32.9""";" 1å¡ 38' 50.9"""
 Bois de Merdelou; 16,100 kW;" 43å¡ 45' 24.5""";" 2å¡ 53' 1.1"""
 Bois de Morval; 12,000 kW;" 50å¡ 21' 37""";" 1å¡ 56' 25.7"""
 Bois des Cholletz; 11,750 kW;" 49å¡ 36' 13.4""";" 2å¡ 43' 38.8"""
 Bois d‰ÛªAnchat; 10,000 kW;" 47å¡ 54' 45.1""";" 1å¡ 31' 38.5"""
 Bois Louis; 11,500 kW;" 47å¡ 59' 58.8""";" 1å¡ 36' 31.7"""
 Bois-Guillaume; 10,000 kW;" 49å¡ 41' 52""";" 2å¡ 47' 19.7"""
 Boisbergues; 4,000 kW;" 50å¡ 9' 22.4""";" 2å¡ 13' 47.5"""
 BollÌ¬ne; 6,900 kW;" 44å¡ 18' 29.1""";" 4å¡ 44' 23.9"""
 Bondues; 750 kW;" 50å¡ 43' 2.9""";" 3å¡ 7' 55.3"""
 Bonneval; 12,000 kW;" 48å¡ 11' 59.6""";" 1å¡ 25' 23.9"""
 Bonnieres; 21,000 kW;;
 BoquÌ©ho-Plouvara; 8,000 kW;" 48å¡ 29' 45""";" -2å¡ 56' 45"""
 Bornes de Cerqueux; 11,500 kW;" 47å¡ 59' 0.9""";" 1å¡ 35' 41.6"""
 Bougainville; 12,000 kW;" 49å¡ 51' 3""";" 2å¡ 2' 4.4"""
 Bouhy; 11,500 kW;" 47å¡ 29' 18""";" 3å¡ 8' 42.1"""
 Bouillancourt-en-SÌ©ry; 9,000 kW;" 49å¡ 57' 57.4""";" 1å¡ 38' 3"""
 Bouin; 7,500 kW;" 46å¡ 56' 47.6""";" -2å¡ 3' 7.6"""
 Boulay Nord; 10,000 kW;" 49å¡ 11' 4.3""";" 6å¡ 29' 53.1"""
 Boule Bleue; 14,100 kW;" 49å¡ 57' 40.7""";" 3å¡ 4' 6.7"""
 Bourbriac; 10,000 kW;" 48å¡ 27' 15.2""";" -3å¡ 14' 59.3"""
 Bouresse; 10,000 kW;" 46å¡ 21' 44.5""";" 0å¡ 36' 36.7"""
 Bourgneuf En Retz; 12,300 kW;" 47å¡ 2' 34.4""";" -1å¡ 57' 12.4"""
 Boursies; 16,500 kW;" 50å¡ 9' 50.6""";" 3å¡ 3' 50.9"""
 Boussac 1; 12,600 kW;" 46å¡ 23' 51""";" 2å¡ 11' 12.6"""
 Boussac 2; 3,600 kW;" 46å¡ 23' 51""";" 2å¡ 11' 12.6"""
 Boutavent; 2,000 kW;" 49å¡ 38' 3.8""";" 1å¡ 44' 35.7"""
 Brachy; 12,500 kW;" 49å¡ 48' 36""";" 0å¡ 56' 23.9"""
 Bressuire; 300 kW;" 46å¡ 50' 32.8""";" -0å¡ 29' 34.3"""
 Breteuil-Esquennoy; 12,500 kW;" 49å¡ 39' 15.8""";" 2å¡ 18' 0.9"""
 Breteuil-Paillart; 11,500 kW;" 49å¡ 39' 17.9""";" 2å¡ 18' 30.4"""
 Brie Champenoise; 20,000 kW;" 48å¡ 49' 18.6""";" 3å¡ 41' 39.4"""
 Buchfeld; 10,000 kW;" 49å¡ 10' 15.1""";" 6å¡ 31' 5.9"""
 Buigny-lÌ¬s-Gamaches; 11,500 kW;" 50å¡ 1' 28""";" 1å¡ 33' 59"""
 Busigny; 24,000 kW;" 50å¡ 2' 6.1""";" 3å¡ 28' 8.8"""
 Butte Saint-Liphard; 10,000 kW;" 48å¡ 13' 6.5""";" 1å¡ 53' 27.3"""
 Caix; 12,000 kW;" 49å¡ 48' 38.4""";" 2å¡ 37' 17.5"""
 Callengeville; 12,500 kW;" 49å¡ 50' 27.4""";" 1å¡ 29' 57.4"""
 Calvados; 450,000 kW;" 49å¡ 28' 8.4""";" -0å¡ 33' 7.2"""
 Cambernon; 9,200 kW;" 49å¡ 6' 0""";" -1å¡ 21' 36"""
 Campagnes; 8,350 kW;" 50å¡ 18' 11.4""";" 2å¡ 14' 19.2"""
 Campbon; 12,500 kW;" 47å¡ 24' 57.2""";" -2å¡ 1' 31.4"""
 Campigny; 10,000 kW;" 49å¡ 18' 53.1""";" 0å¡ 34' 7.4"""
 Camplong; 2,700 kW;" 43å¡ 40' 21.6""";" 3å¡ 7' 6.6"""
 Campremy-Bonvillers; 11,500 kW;" 49å¡ 34' 41.1""";" 2å¡ 20' 12.5"""
 Canal de Gargouilleau; 10,250 kW;" 46å¡ 21' 35.6""";" -0å¡ 53' 3.7"""
 Canehan; 13,800 kW;" 49å¡ 58' 58.2""";" 1å¡ 20' 54.6"""
 Canet d‰ÛªAude; 11,500 kW;" 43å¡ 13' 48.8""";" 2å¡ 50' 59.7"""
 Canton de Bonneval; 24,000 kW;" 48å¡ 13' 16.6""";" 1å¡ 32' 8.9"""
 Canton du Quesnoy; 8,200 kW;" 50å¡ 14' 50.3""";" 3å¡ 38' 12"""
 Cap Corse; 4,200 kW;" 42å¡ 57' 19.8""";" 9å¡ 24' 25.9"""
 Cap Espigne; 11,500 kW;" 43å¡ 44' 13.4""";" 3å¡ 11' 40.4"""
 Cap RedoundÌ©; 3,900 kW;" 43å¡ 44' 5.3""";" 2å¡ 50' 45"""
 Cast; 10,000 kW;" 48å¡ 10' 4.7""";" -4å¡ 5' 55.9"""
 Castanet-le-Haut; 2,300 kW;" 43å¡ 38' 44""";" 2å¡ 52' 52.8"""
 Castelnau-PÌ©gayrols; 29,900 kW;" 44å¡ 8' 52.9""";" 2å¡ 52' 44.8"""
 CauliÌ¬res-Lamaronde; 17,500 kW;" 49å¡ 47' 35.6""";" 1å¡ 53' 43.7"""
 Centernach; 1,670 kW;" 42å¡ 46' 44""";" 2å¡ 32' 50.2"""
 Chambonchard; 10,800 kW;" 46å¡ 9' 4.5""";" 2å¡ 32' 11.5"""
 Chamole; 18,000 kW;" 46å¡ 50' 42.7""";" 5å¡ 43' 46.3"""
 Champ de la Grand‰ÛªMÌ¬re; 12,300 kW;" 50å¡ 15' 42.2""";" 2å¡ 27' 58.1"""
 Champ-Besnard; 10,000 kW;" 48å¡ 8' 7.2""";" 1å¡ 53' 23.3"""
 Champagne berrichonne; 10,500 kW;" 46å¡ 48' 36.6""";" 1å¡ 56' 7.4"""
 Champagne Picarde; 72,600 kW;" 49å¡ 38' 21.7""";" 3å¡ 52' 17.8"""
 Champfleury 1; 12,000 kW;" 48å¡ 38' 0.7""";" 4å¡ 3' 19"""
 Champfleury 2; 4,100 kW;" 48å¡ 38' 17.2""";" 4å¡ 6' 21.1"""
 Champs Chagnots; 9,000 kW;" 46å¡ 32' 5.2""";" 0å¡ 6' 53.7"""
 Champs Perdus; 12,000 kW;" 49å¡ 45' 16.5""";" 2å¡ 36' 13.4"""
 Chaourse; 16,000 kW;" 49å¡ 42' 18""";" 3å¡ 59' 50.2"""
 Chapelle d‰ÛªEole; 12,000 kW;" 48å¡ 24' 55.4""";" 4å¡ 3' 31.5"""
 Charmont-sous-Barbuise; 12,000 kW;" 48å¡ 26' 14.9""";" 4å¡ 11' 52.7"""
 Chasse MarÌ©e; 9,200 kW;" 50å¡ 2' 54.7""";" 1å¡ 33' 49.1"""
 ChÌ¢teau Garnier; 16,000 kW;" 46å¡ 13' 39.1""";" 0å¡ 25' 45.9"""
 ChÌ¢teaubourg; 800 kW;" 48å¡ 6' 33.8""";" -1å¡ 24' 19.2"""
 ChÌ¢teaulin; 10,000 kW;" 48å¡ 10' 25.1""";" -4å¡ 6' 59.8"""
 Chaunay; 12,000 kW;" 46å¡ 13' 20.9""";" 0å¡ 9' 41"""
 ChauvÌ©; 12,300 kW;" 47å¡ 9' 2.6""";" -1å¡ 59' 13.5"""
 Chemin Blanc; 10,000 kW;" 49å¡ 41' 52""";" 2å¡ 47' 19.7"""
 Chemin de GrÌ¬s; 29,700 kW;" 50å¡ 10' 55.8""";" 3å¡ 24' 52.2"""
 Chemin de la Ligue; 16,000 kW;" 46å¡ 1' 21.7""";" 3å¡ 41' 40.1"""
 Chemin de l‰ÛªOrmelet; 11,750 kW;" 49å¡ 43' 14.5""";" 2å¡ 2' 34.4"""
 Chemin de MÌ©ry; 12,000 kW;" 48å¡ 27' 17.7""";" 3å¡ 50' 45.9"""
 Chemin de Tuleras; 12,000 kW;" 48å¡ 10' 17.2""";" 1å¡ 54' 44.9"""
 Chemin des Haguenets; 12,000 kW;" 49å¡ 27' 0.9""";" 2å¡ 18' 14.5"""
 Chemin du Bois Hubert; 27,600 kW;" 49å¡ 29' 16.9""";" 2å¡ 28' 3.8"""
 Chemin d‰ÛªAblis; 52,000 kW;" 48å¡ 19' 0.3""";" 1å¡ 51' 29.6"""
 Chemin PerrÌ©; 18,000 kW;" 48å¡ 34' 42.2""";" 3å¡ 32' 17.5"""
 Chemin-Blanc - Demie Lieue; 12,000 kW;" 49å¡ 36' 6.9""";" 2å¡ 7' 18.8"""
 Cheppes La Prairie; 10,250 kW;" 48å¡ 49' 59.9""";" 4å¡ 28' 22.7"""
 ChÌ©py; 4,000 kW;" 50å¡ 4' 12""";" 1å¡ 37' 47.9"""
 Chermisey; 8,200 kW;" 48å¡ 25' 0.5""";" 5å¡ 34' 12.6"""
 ChÌ©ry; 14,000 kW;" 47å¡ 7' 33.8""";" 2å¡ 1' 44.4"""
 Chicheboville; 12,000 kW;" 49å¡ 6' 4.9""";" -0å¡ 13' 53.9"""
 Clais; 7,050 kW;" 49å¡ 48' 49.3""";" 1å¡ 27' 9.6"""
 Clamanges II; 4,000 kW;" 48å¡ 52' 1.2""";" 4å¡ 8' 6.4"""
 Clamanges-Villeseneux; 10,020 kW;" 48å¡ 50' 52.7""";" 4å¡ 5' 48.7"""
 Clamecy; 12,300 kW;" 47å¡ 27' 34.5""";" 3å¡ 31' 7.5"""
 Clitourps; 3,300 kW;" 49å¡ 39' 2.8""";" -1å¡ 22' 41.5"""
 Clussais-la-Pommeraie; 11,000 kW;" 46å¡ 11' 11""";" 0å¡ 1' 59.1"""
 Coajou-Baslan; 4,600 kW;" 48å¡ 35' 20.9""";" -3å¡ 13' 1"""
 Coajou-Baslan 2; 2,300 kW;" 48å¡ 35' 20.9""";" -3å¡ 13' 1"""
 Coat Conval; 8,100 kW;" 48å¡ 32' 29""";" -3å¡ 53' 2"""
 Coat-Piquet; 5,600 kW;" 48å¡ 23' 36""";" -3å¡ 9' 54.9"""
 CoÌÇsmes; 18,000 kW;" 47å¡ 52' 24.3""";" -1å¡ 25' 5.4"""
 Col de la Fageole; 3,000 kW;" 45å¡ 6' 34.5""";" 3å¡ 7' 37.5"""
 Combusins; 11,500 kW;" 45å¡ 57' 38.5""";" 0å¡ 10' 36.5"""
 CÌ«mes de l‰ÛªArce; 10,000 kW;" 48å¡ 8' 54.3""";" 4å¡ 26' 24"""
 Confolentais; 12,000 kW;" 45å¡ 59' 9.5""";" 0å¡ 26' 24.2"""
 Conilhac; 9,200 kW;" 42å¡ 58' 47.2""";" 2å¡ 11' 40.3"""
 Conquereuil;;" 47å¡ 39' 3.2""";" -1å¡ 47' 4.1"""
 Conques; 12,000 kW;" 43å¡ 32' 3""";" 3å¡ 37' 36.7"""
 Coquelicot 1; 11,500 kW;" 50å¡ 5' 49.8""";" 2å¡ 31' 6.3"""
 Coquelicot 2; 18,400 kW;" 50å¡ 6' 45""";" 2å¡ 43' 27.1"""
 CorbiÌ¬res MÌ©diterranÌ©e; 20,700 kW;" 42å¡ 59' 39.6""";" 2å¡ 59' 9.5"""
 CorbiÌ¬res-Maritimes; 200 kW;" 43å¡ 0' 35.9""";" 3å¡ 0' 35.9"""
 Cormainville; 12,000 kW;" 48å¡ 7' 9.6""";" 1å¡ 37' 38.4"""
 Corpe; 11,050 kW;" 46å¡ 30' 14.6""";" -1å¡ 9' 4.4"""
 CossÌ©-le-Vivien Est; 6,900 kW;" 47å¡ 56' 40.7""";" -0å¡ 54' 46.2"""
 CossÌ©-le-Vivien Ouest; 4,600 kW;" 47å¡ 56' 40.7""";" -0å¡ 54' 46.2"""
 CÌ«te de la BouchÌ¬re; 13,800 kW;" 48å¡ 41' 55.1""";" 4å¡ 32' 26.5"""
 CÌ«te de Notre-Dame; 9,900 kW;" 48å¡ 38' 9.6""";" 4å¡ 6' 43.2"""
 CÌ«te du pommier; 12,000 kW;" 48å¡ 24' 54.6""";" 4å¡ 3' 42"""
 CÌ«teaux; 14,100 kW;" 47å¡ 36' 37.5""";" -1å¡ 17' 25.6"""
 Cotentin; 7,500 kW;" 49å¡ 25' 7.5""";" -1å¡ 42' 39.8"""
 CÌ«tes de Champagne; 11,900 kW;" 48å¡ 50' 10""";" 4å¡ 39' 38.1"""
 CÌ«tes de Champagne Sud; 4,250 kW;" 48å¡ 49' 38.3""";" 4å¡ 38' 26.1"""
 CouffÌ©; 10,000 kW;" 47å¡ 24' 43.8""";" -1å¡ 17' 0.9"""
 Couloumi; 4,600 kW;" 43å¡ 1' 12""";" 2å¡ 52' 12"""
 Coume; 10,000 kW;" 49å¡ 11' 54.1""";" 6å¡ 34' 17.2"""
 Courant-Nachamps; 21,000 kW (downrated turbines);" 46å¡ 1' 42.4""";" -0å¡ 35' 44.8"""
 Courcelles-sur-Aire; 11,500 kW;" 48å¡ 56' 57.6""";" 5å¡ 15' 5.2"""
 Courvaudon; 7,500 kW;" 49å¡ 1' 0.4""";" -0å¡ 35' 36.2"""
 Crennes-sur-FraubÌ©e; 10,000 kW;" 48å¡ 23' 2.6""";" -0å¡ 17' 18.6"""
 CrÌ©norien; 8,200 kW;" 48å¡ 4' 1.3""";" -3å¡ 43' 31.8"""
 Croisette; 12,000 kW;" 50å¡ 21' 11""";" 2å¡ 15' 33.9"""
 Croix Benjamin; 8,000 kW;" 48å¡ 34' 3.6""";" 3å¡ 37' 37"""
 Croix des Trois Chesnots; 8,000 kW;" 47å¡ 53' 46.3""";" -1å¡ 58' 48"""
 Croix Noire 1; 12,300 kW;" 50å¡ 16' 5.4""";" 2å¡ 29' 6.4"""
 Croix Noire 2; 12,300 kW;" 50å¡ 14' 47.5""";" 2å¡ 27' 9.6"""
 Croixrault; 11,500 kW;" 49å¡ 47' 35""";" 2å¡ 0' 39.2"""
 Croixrault-Moyencourt; 2,300 kW;" 49å¡ 47' 35.6""";" 2å¡ 0' 35.9"""
 Cruas; 6,000 kW;" 44å¡ 38' 18.8""";" 4å¡ 45' 33.1"""
 Cruguel; 12,000 kW;" 47å¡ 52' 20.5""";" -2å¡ 33' 31.8"""
 Cruscades; 11,500 kW;" 43å¡ 11' 30.3""";" 2å¡ 48' 55.1"""
 Cruscades-Villedaigne-Ornaisons; 18,400 kW;" 43å¡ 11' 43""";" 2å¡ 50' 2.7"""
 Cuq-ServiÌ¬s; 12,000 kW;" 43å¡ 40' 1.7""";" 2å¡ 3' 36.1"""
 Cuxac-CabardÌ¬s; 12,000 kW;" 43å¡ 23' 49.8""";" 2å¡ 16' 50.9"""
 Dainville; 24,000 kW;" 48å¡ 27' 19.4""";" 5å¡ 32' 36.3"""
 Dammarie; 12,000 kW;" 48å¡ 19' 35.2""";" 1å¡ 29' 15.3"""
 Dargies; 12,000 kW;" 49å¡ 42' 5.6""";" 1å¡ 59' 18.6"""
 Dargnies; 12,000 kW;" 50å¡ 2' 32.7""";" 1å¡ 31' 31.6"""
 Dehlingen; 12,500 kW;" 48å¡ 58' 48.8""";" 7å¡ 11' 31.1"""
 Delouze-RosiÌ¬res; 12,300 kW;" 48å¡ 34' 18.6""";" 5å¡ 29' 24.2"""
 Derval; 8,000 kW;" 47å¡ 40' 33.4""";" -1å¡ 38' 11"""
 DÌ©sirade III; 2,100 kW;" 16å¡ 20' 23.9""";" -61å¡ 1' 12"""
 DÌ©sirade IV; 275 kW;" 16å¡ 19' 15""";" -61å¡ 3' 0.1"""
 Dio et ValquiÌ¬res; 1,670 kW;" 43å¡ 40' 46.9""";" 3å¡ 12' 59"""
 Diou; 15,000 kW;" 47å¡ 2' 46.4""";" 2å¡ 1' 36.2"""
 Dirinon; 1,700 kW;" 48å¡ 23' 27.7""";" -4å¡ 15' 47.9"""
 Doignies; 16,500 kW;" 50å¡ 7' 41.1""";" 3å¡ 0' 57.9"""
 Domart-en-Ponthieu; 12,000 kW;" 50å¡ 3' 46.2""";" 2å¡ 6' 20.8"""
 DonzÌ¬re; 3,000 kW;" 44å¡ 27' 0""";" 4å¡ 45' 0"""
 DyÌ©; 14,000 kW;" 47å¡ 54' 0.6""";" 3å¡ 51' 58.9"""
 Echalot; 2,000 kW;" 49å¡ 4' 30.4""";" -1å¡ 26' 46.3"""
 El Singla; 20,700 kW;" 42å¡ 49' 17.7""";" 2å¡ 27' 6.2"""
 Energie du Partage; 12,300 kW (uprated turbines);" 49å¡ 27' 2.6""";" 4å¡ 30' 17.6"""
 Energie du Porcien; 18,450 kW;" 49å¡ 30' 27.2""";" 4å¡ 7' 55.4"""
 Energies des Longs Champs; 11,500 kW;" 49å¡ 52' 15.6""";" 0å¡ 52' 7.8"""
 Ensemble Eolien Catalan; 42,000 kW;" 42å¡ 43' 38.6""";" 2å¡ 46' 43"""
 Entre Coole et Marne; 14,350 kW;" 48å¡ 50' 24.8""";" 4å¡ 20' 38.5"""
 Entre Seine et Aube; 12,000 kW;" 48å¡ 28' 37.3""";" 4å¡ 1' 23.1"""
 Entre VallÌ©e Coole et Soude; 25,300 kW;" 48å¡ 49' 8.6""";" 4å¡ 18' 25.5"""
 Eole Arrouaise; 8,000 kW;" 49å¡ 58' 53.1""";" 3å¡ 20' 39.9"""
 Eole du Bocage; 12,000 kW;" 46å¡ 56' 9.5""";" -0å¡ 35' 59.4"""
 Eole Saint-Quentin Nord; 2,000 kW;" 49å¡ 53' 43.2""";" 3å¡ 17' 41.7"""
 Eole Source de la SensÌ©e; 6,000 kW;" 50å¡ 10' 15.8""";" 2å¡ 50' 55"""
 Epinette; 12,000 kW;" 50å¡ 32' 32.6""";" 1å¡ 59' 40.2"""
 Eplessier I; 12,500 kW;" 49å¡ 46' 59.3""";" 1å¡ 57' 37.7"""
 Eplessier II; 10,000 kW;" 49å¡ 46' 59.3""";" 1å¡ 57' 37.7"""
 Eplessier III; 10,000 kW;" 49å¡ 46' 59.3""";" 1å¡ 57' 37.7"""
 Erbray 2; 6,900 kW;" 47å¡ 39' 16.2""";" -1å¡ 19' 3.9"""
 Erize Saint Dizier; 11,500 kW;" 48å¡ 48' 45.6""";" 5å¡ 15' 58.4"""
 Escales-Corniilhac; 7,500 kW;" 43å¡ 12' 36""";" 2å¡ 43' 12"""
 Escardes-Bouchy Saint Genest; 12,000 kW;" 48å¡ 40' 9.4""";" 3å¡ 30' 5.3"""
 Espier; 17,200 kW (downrated turbines);" 48å¡ 14' 25.1""";" 1å¡ 47' 1.3"""
 ESTL; 16,000 kW;" 48å¡ 58' 33.2""";" 6å¡ 35' 15.5"""
 Eurotunnel; 2,400 kW;" 50å¡ 55' 43.8""";" 1å¡ 48' 51.3"""
 Falaise-Soulangy; 10,000 kW;" 48å¡ 55' 47.9""";" -0å¡ 13' 48"""
 Falfosse; 11,750 kW;" 49å¡ 48' 28.6""";" 0å¡ 34' 37.2"""
 Falleron; 11,500 kW;" 46å¡ 50' 12""";" -1å¡ 42' 24.1"""
 Familly; 10,000 kW;" 48å¡ 57' 58.8""";" 0å¡ 21' 16.5"""
 FÌ©camp; 4,500 kW;" 49å¡ 46' 5.8""";" 0å¡ 23' 0.8"""
 FÌ©camp Offshore; 498,000 kW;" 49å¡ 53' 31.2""";" 0å¡ 13' 37.2"""
 FÌ¬re-Champenoise-Euvy-Corroy; 27,500 kW;" 48å¡ 43' 21.9""";" 3å¡ 58' 29"""
 Fiefs; 9,000 kW;" 50å¡ 29' 8.6""";" 2å¡ 19' 18.6"""
 Fierville-Bray I; 12,300 kW;" 49å¡ 4' 12""";" -0å¡ 11' 24"""
 Fierville-Bray II; 8,000 kW;" 49å¡ 4' 12""";" -0å¡ 11' 24"""
 Fierville-Bray III; 8,200 kW;" 49å¡ 6' 5.7""";" -0å¡ 9' 7.5"""
 FilliÌ¬res; 10,000 kW;" 49å¡ 24' 14.9""";" 5å¡ 50' 37.3"""
 Fitou I; 1,300 kW;" 42å¡ 54' 9.1""";" 2å¡ 57' 46.1"""
 Fitou II; 1,300 kW;" 42å¡ 53' 59.9""";" 2å¡ 57' 35.9"""
 FLOATGEN Demonstrator 1  IDEOL Gamesa; 2,000 kW;" 47å¡ 14' 16.7""";" -2å¡ 46' 40.7"""
 Fond de Plaine; 11,500 kW;" 43å¡ 10' 15.3""";" 2å¡ 48' 54.2"""
 Fonds CaraÌøbes; 4,400 kW;" 16å¡ 16' 33.9""";" -61å¡ 16' 6.7"""
 Fonds de Fresnes; 10,000 kW;" 49å¡ 59' 38.6""";" 1å¡ 44' 7.6"""
 FontaÌ¨ne-Macon; 12,300 kW;" 48å¡ 27' 26.7""";" 3å¡ 32' 6.6"""
 FontaÌ¨ne-Macon II; 8,000 kW;" 48å¡ 27' 33.5""";" 3å¡ 31' 47.2"""
 Fontanelles; 7,800 kW;" 43å¡ 45' 35.9""";" 2å¡ 53' 59.9"""
 Fontenille; 10,000 kW;" 45å¡ 54' 56.6""";" 0å¡ 10' 29.5"""
 ForÌ»t de LanouÌ©e; 51,200 kW;" 48å¡ 2' 4.9""";" -2å¡ 34' 16.1"""
 ForÌ»t de Thivolet; 17,600 kW;" 45å¡ 10' 31.8""";" 5å¡ 10' 10.8"""
 Forges; 12,500 kW;" 46å¡ 52' 35.8""";" 2å¡ 7' 32.2"""
 ForiÌ¬res I; 8,000 kW;" 50å¡ 0' 38.2""";" 1å¡ 20' 24.1"""
 ForiÌ¬res II; 6,000 kW;" 50å¡ 0' 35.8""";" 1å¡ 20' 25.5"""
 Fortel-BonniÌ¬res; 22,800 kW;" 50å¡ 15' 52.7""";" 2å¡ 15' 31.9"""
 Foye-MigrÌ©; 10,250 kW;" 46å¡ 4' 37.7""";" -0å¡ 33' 36.3"""
 Fraisse-sur-Agout; 11,500 kW;" 43å¡ 36' 21.9""";" 2å¡ 47' 51.7"""
 Frameville-Rainecourt; 12,000 kW;" 49å¡ 51' 38.4""";" 2å¡ 42' 52.7"""
 Francourville; 12,000 kW;" 48å¡ 23' 23.6""";" 1å¡ 39' 3"""
 FreignÌ©; 2,300 kW;" 47å¡ 33' 11.1""";" -1å¡ 9' 42.8"""
 FreignÌ© II; 9,400 kW;" 47å¡ 33' 11.1""";" -1å¡ 9' 42.8"""
 Frencq; 6,150 kW;" 50å¡ 33' 41.2""";" 1å¡ 42' 0.7"""
 FrÌ©nouville; 12,000 kW;" 49å¡ 7' 19.4""";" -0å¡ 15' 20.3"""
 Fresnes-en-Saulnois; 11,500 kW;" 48å¡ 49' 52.1""";" 6å¡ 27' 24.4"""
 Fresnoy; 14,350 kW;" 49å¡ 53' 18.9""";" 1å¡ 25' 50.4"""
 Fresnoy-au-Val; 10,000 kW;" 49å¡ 52' 1.6""";" 2å¡ 2' 28.7"""
 Fresnoy-le-Grand; 6,900 kW;" 49å¡ 58' 8.4""";" 3å¡ 22' 19.2"""
 FrÌ©vent; 8,000 kW;" 50å¡ 16' 42.4""";" 2å¡ 17' 34.5"""
 Freyssenet; 10,000 kW;" 44å¡ 41' 5.3""";" 4å¡ 33' 38.6"""
 Fruges; 10,000 kW;" 50å¡ 31' 18.5""";" 2å¡ 0' 20.4"""
 Galuchot; 34,500 kW;" 47å¡ 37' 20.4""";" 3å¡ 51' 42"""
 GÌ¢prÌ©e; 2,000 kW;" 48å¡ 36' 36.5""";" 0å¡ 16' 27.9"""
 Garcelles-Secqueville; 4,000 kW;" 49å¡ 5' 24""";" -0å¡ 15' 36"""
 Garrigade-Puech d‰ÛªAl Lun; 20,500 kW;" 43å¡ 57' 55.9""";" 2å¡ 25' 51.3"""
 Gavray; 2,000 kW;" 48å¡ 54' 4.7""";" -1å¡ 19' 0.3"""
 Ger; 8,000 kW;" 48å¡ 41' 40.6""";" -0å¡ 47' 59.2"""
 Germinon-Velye; 75,000 kW;" 48å¡ 53' 39""";" 4å¡ 11' 40.6"""
 GÌ©ry; 10,000 kW;" 48å¡ 47' 36.4""";" 5å¡ 18' 13.7"""
 Glenay; 29,700 kW;" 46å¡ 52' 20.2""";" -0å¡ 13' 21.9"""
 Golfe du Lion; 24,000 kW;" 42å¡ 48' 36""";" 3å¡ 16' 12"""
 Gommerville; 275 kW;" 48å¡ 20' 1""";" 1å¡ 56' 47.3"""
 Gorges-Gonfreville; 16,100 kW;" 49å¡ 14' 43.1""";" -1å¡ 24' 14.2"""
 Gouarem Menez; 5,600 kW;" 48å¡ 6' 0""";" -3å¡ 42' 0"""
 Goulien; 6,000 kW;" 48å¡ 3' 55.6""";" -4å¡ 34' 25.9"""
 Grand Maison; 1,375 kW;" 16å¡ 22' 47.9""";" -61å¡ 25' 47.9"""
 Grand Place; 12,000 kW;" 47å¡ 59' 23.4""";" -2å¡ 41' 9.7"""
 Grand-Bois; 8,000 kW;" 43å¡ 23' 54.3""";" 2å¡ 15' 38.5"""
 Grand-Fougeray; 2,000 kW;" 47å¡ 44' 40.6""";" -1å¡ 43' 28.9"""
 Grands GÌ¢ts; 6,150 kW;" 46å¡ 59' 22.4""";" -1å¡ 38' 14.3"""
 Greneville-en-Beauce; 24,000 kW;" 48å¡ 11' 40.8""";" 2å¡ 7' 53.1"""
 Greneville-en-Beauce (Vergnet); 1,000 kW;" 48å¡ 10' 37.9""";" 2å¡ 7' 46.9"""
 Groix; 24,000 kW;" 47å¡ 23' 59.9""";" -3å¡ 23' 59.9"""
 Gros Jacques; 9,200 kW;" 50å¡ 4' 1.7""";" 1å¡ 28' 27.4"""
 Gruissan; 24,600 kW;" 43å¡ 2' 23.9""";" 3å¡ 21' 35.9"""
 GuÌ©gon; 10,250 kW;" 47å¡ 56' 19.8""";" -2å¡ 33' 54.4"""
 GuÌ©henno; 3,000 kW;" 47å¡ 53' 48.2""";" -2å¡ 40' 2.4"""
 Gueltas-Noyal Pontivy; 9,000 kW;" 48å¡ 5' 3.9""";" -2å¡ 49' 9.1"""
 GuerlÌ©dan; 4,250 kW;" 48å¡ 13' 47.9""";" -3å¡ 2' 24"""
 Guerville-Melville; 11,500 kW;" 49å¡ 57' 23.4""";" 1å¡ 29' 32.7"""
 Gueures; 7,500 kW;" 49å¡ 50' 51.8""";" 0å¡ 58' 45.8"""
 Guilleville; 17,700 kW;" 48å¡ 13' 25.1""";" 1å¡ 48' 33.2"""
 Guitrancourt; 60 kW;" 49å¡ 0' 12.1""";" 1å¡ 47' 6.6"""
 Hambers; 8,200 kW;" 48å¡ 16' 0""";" -0å¡ 25' 21.7"""
 Hameau de Villeneuve; 1,700 kW;" 44å¡ 36' 22.9""";" 3å¡ 44' 13.4"""
 Hamel Au Brun; 8,000 kW;" 48å¡ 58' 3.6""";" -0å¡ 57' 47.4"""
 Hangest-sur-Somme; 20,500 kW;" 49å¡ 58' 48.5""";" 2å¡ 3' 52.8"""
 Harcanville; 9,200 kW;" 49å¡ 42' 0.4""";" 0å¡ 46' 19.2"""
 Hargicourt; 12,000 kW;" 49å¡ 42' 45.9""";" 2å¡ 30' 39"""
 Harpen Hauts Traits; 10,000 kW;" 49å¡ 54' 57.2""";" 1å¡ 17' 56.1"""
 Harpen Petits Caux; 10,000 kW;" 49å¡ 57' 14.1""";" 1å¡ 15' 8.9"""
 Haut CabardÌ¬s-Cabrespine; 10,400 kW;" 43å¡ 23' 19.3""";" 2å¡ 26' 54.8"""
 Haut Chemin; 20,000 kW;" 48å¡ 5' 31""";" 5å¡ 20' 8.4"""
 Haut de Conge 1; 12,000 kW;" 47å¡ 58' 48.1""";" 5å¡ 21' 48.8"""
 Haut de Conge 2; 4,000 kW;" 47å¡ 58' 48.1""";" 5å¡ 21' 48.8"""
 Haut de Conge 3; 12,000 kW;" 47å¡ 58' 48.1""";" 5å¡ 21' 48.8"""
 Haut de Lorraine; 6,400 kW;" 48å¡ 22' 2.4""";" 6å¡ 30' 43.7"""
 Haut Languedoc; 7,800 kW;" 43å¡ 39' 35.9""";" 2å¡ 55' 11.9"""
 Haut Plateau Picard; 27,500 kW;" 49å¡ 56' 58.1""";" 2å¡ 1' 18.3"""
 Haut-de-Bane; 12,000 kW;" 48å¡ 49' 45.6""";" 5å¡ 17' 49"""
 Haut-de-Vausse; 12,000 kW;" 48å¡ 37' 8.6""";" 5å¡ 28' 30.5"""
 Haute Somme; 24,000 kW;" 50å¡ 0' 33.1""";" 3å¡ 0' 36"""
 Haute-Lys; 12,000 kW;" 50å¡ 35' 26.5""";" 2å¡ 7' 5.2"""
 Hauteville; 25,000 kW;" 49å¡ 53' 43.8""";" 3å¡ 31' 19.1"""
 Hauts de Melleray; 10,000 kW;" 48å¡ 12' 59.1""";" 1å¡ 53' 58.2"""
 Hendecourt; 14,400 kW;" 50å¡ 14' 52""";" 2å¡ 56' 19.9"""
 Herbissonne Nord; 24,000 kW;" 48å¡ 39' 33.1""";" 4å¡ 8' 35.5"""
 Herbissonne Sud; 22,000 kW;" 48å¡ 36' 44.9""";" 4å¡ 9' 30.2"""
 Herbitzheim; 10,000 kW;" 49å¡ 2' 20""";" 7å¡ 6' 16.9"""
 Hermin; 11,500 kW;" 50å¡ 25' 6.9""";" 2å¡ 33' 29.6"""
 Hescamps; 5,000 kW;" 49å¡ 43' 23.4""";" 1å¡ 51' 23.1"""
 HÌ©tomesnil; 11,500 kW;" 49å¡ 38' 3.9""";" 2å¡ 3' 17.6"""
 HÌ©tomesnil 2; 12,500 kW;" 49å¡ 37' 36.3""";" 2å¡ 1' 57.6"""
 Hombleux I; 10,000 kW;" 49å¡ 43' 56.6""";" 3å¡ 0' 9.1"""
 Hombleux II; 8,000 kW;" 49å¡ 44' 4.4""";" 3å¡ 0' 35.6"""
 Houdelaincourt; 13,800 kW;" 48å¡ 32' 43.8""";" 5å¡ 26' 25.7"""
 Ideol & Quadran Floating Project; 500,000 kW;" 42å¡ 53' 59.9""";" 3å¡ 23' 59.9"""
 Iffendic; 2,000 kW;" 48å¡ 6' 20.2""";" -1å¡ 59' 16.9"""
 Ile de Lifou; 275 kW;" -20å¡ 56' 41.4""";" 167å¡ 14' 25.8"""
 Ile des Pins; 180 kW;" -22å¡ 36' 35.9""";" 167å¡ 28' 47.9"""
 Illois; 9,000 kW;" 49å¡ 44' 44.5""";" 1å¡ 37' 43.2"""
 InFlow; 2,000 kW;" 43å¡ 12' 0""";" 4å¡ 47' 59.9"""
 Is-en-Bassigny; 12,000 kW;" 48å¡ 1' 9.9""";" 5å¡ 28' 17.2"""
 Jaladeaux; 9,200 kW;" 45å¡ 57' 38.5""";" 0å¡ 10' 36.5"""
 Janville; 11,500 kW;" 48å¡ 11' 7.8""";" 1å¡ 53' 34.4"""
 Joncels; 11,900 kW;" 43å¡ 44' 13.4""";" 3å¡ 11' 40.4"""
 Joux la Ville; 44,000 kW;" 47å¡ 38' 58.3""";" 3å¡ 55' 33.7"""
 Jouy-en-Pithiverais; 12,500 kW;" 48å¡ 8' 31.3""";" 2å¡ 6' 46.2"""
 KafÌ©ate; 5,500 kW;" -21å¡ 1' 59.9""";" 164å¡ 43' 59.9"""
 Ker Rose; 10,000 kW;" 48å¡ 15' 30.7""";" -3å¡ 17' 40.6"""
 Keranfouler; 9,100 kW;" 48å¡ 29' 11.8""";" -3å¡ 17' 59.3"""
 Kerdrouallan; 9,200 kW;" 48å¡ 25' 21.9""";" -3å¡ 0' 15.5"""
 Kergleuziou; 6,000 kW;" 47å¡ 54' 23.2""";" -3å¡ 50' 5.1"""
 Kergrist; 8,000 kW;" 48å¡ 8' 47.6""";" -2å¡ 55' 49.5"""
 Kerherhal II; 4,000 kW;" 48å¡ 31' 29.8""";" -4å¡ 35' 55.1"""
 Kerigaret; 12,000 kW;" 48å¡ 0' 22.4""";" -4å¡ 23' 22.7"""
 Kerlan; 5,600 kW;" 48å¡ 24' 48.7""";" -3å¡ 16' 32.8"""
 Kerles; 4,100 kW;" 49å¡ 50' 36.6""";" 2å¡ 48' 5.6"""
 La Baume; 13,200 kW;" 43å¡ 59' 48.1""";" 3å¡ 5' 53.8"""
 La Belle Epine; 4,000 kW;" 47å¡ 51' 13.7""";" -1å¡ 45' 38.6"""
 La BenÌ¢te; 12,000 kW;" 46å¡ 1' 6.5""";" -0å¡ 32' 54.2"""
 La BessiÌ¬re; 13,800 kW;" 43å¡ 41' 4.9""";" 2å¡ 51' 16.8"""
 La Bouleste; 10,000 kW;" 44å¡ 18' 40.7""";" 2å¡ 42' 8"""
 La Bretelle-Echalot; 16,400 kW;" 47å¡ 36' 43.6""";" 4å¡ 50' 13.2"""
 La BriÌ¬re; 12,000 kW;" 48å¡ 8' 44.1""";" 2å¡ 0' 59.4"""
 La Butte des Fraus; 12,000 kW;" 48å¡ 5' 50.2""";" -2å¡ 28' 39.6"""
 La Carnoye; 20,700 kW;" 50å¡ 33' 59.5""";" 2å¡ 18' 38.4"""
 La Chapelle; 10,000 kW;" 48å¡ 36' 49.8""";" 3å¡ 52' 40.1"""
 La Chapelle-Gaudin; 12,000 kW;" 46å¡ 54' 59.8""";" -0å¡ 23' 13.2"""
 La Chaude VallÌ©e; 12,300 kW;" 49å¡ 49' 4.7""";" 1å¡ 48' 10.3"""
 La ChaussÌ©e Brunehaut; 19,800 kW;" 50å¡ 14' 12.7""";" 3å¡ 28' 21.1"""
 La ChaussÌ©e de CÌ©sar Nord; 10,000 kW;" 46å¡ 57' 59.9""";" 2å¡ 10' 27.9"""
 La ChaussÌ©e de CÌ©sar Sud; 10,000 kW;" 46å¡ 57' 59.9""";" 2å¡ 10' 27.9"""
 La clÌ© des champs - Saint-Simon; 0 kW;" 49å¡ 45' 35.9""";" 3å¡ 13' 12"""
 La Couturelle; 20,500 kW;" 49å¡ 55' 0.8""";" 2å¡ 53' 34.7"""
 La Croisette-Quinquempoix; 29,900 kW;" 49å¡ 33' 15.4""";" 2å¡ 24' 14.8"""
 La Croix de Bruggio; 6,680 kW;" 44å¡ 41' 18.8""";" 3å¡ 37' 23.8"""
 La Croix Didier; 8,000 kW;" 49å¡ 26' 52.3""";" 5å¡ 42' 6.8"""
 La Divatte; 9,200 kW;" 47å¡ 13' 18.4""";" -1å¡ 16' 38.3"""
 La Douve des Epinettes; 11,500 kW;" 47å¡ 52' 4.7""";" -1å¡ 20' 44.9"""
 La Faye - La ChÌ¬vrerie; 12,000 kW;" 46å¡ 1' 53.9""";" 0å¡ 9' 18.1"""
 La FerriÌ¬re et PlÌ©met; 20,000 kW;" 48å¡ 9' 26.4""";" -2å¡ 35' 59.5"""
 La Forterre; 28,000 kW;" 47å¡ 39' 19.3""";" 3å¡ 27' 12.1"""
 La Gaillarde; 12,500 kW;" 49å¡ 49' 47.9""";" 0å¡ 50' 23.9"""
 La GraliÌ¬re; 8,000 kW;" 46å¡ 55' 2.7""";" -0å¡ 48' 17.6"""
 La Guenelle; 22,000 kW;" 48å¡ 49' 30.2""";" 4å¡ 24' 42"""
 La Guenelle II; 4,000 kW;" 48å¡ 50' 31.5""";" 4å¡ 25' 30.3"""
 La Haie au Vent-Stenay; 10,000 kW;" 49å¡ 31' 32.3""";" 5å¡ 11' 45.6"""
 La Haie Joly; 26,000 kW;" 49å¡ 3' 52.7""";" 5å¡ 14' 41.7"""
 La Haie-Oisseau; 12,000 kW;" 48å¡ 22' 11.9""";" -0å¡ 37' 12"""
 La Haute Borne; 21,000 kW;" 49å¡ 44' 17.4""";" 2å¡ 55' 32.2"""
 La Haute Borne-Hallu-Punchy; 4,000 kW;" 49å¡ 47' 31.7""";" 2å¡ 48' 29.3"""
 La Haute Borne-Vaudeville-le-Haut; 8,000 kW;" 48å¡ 26' 58.5""";" 5å¡ 35' 10"""
 La Haute ChÌ¬vre; 6,900 kW;" 49å¡ 2' 37.7""";" -0å¡ 57' 53.5"""
 La Jacterie; 12,500 kW;" 47å¡ 9' 23.1""";" -0å¡ 48' 5.7"""
 La Lande de Carmoise; 9,200 kW;" 48å¡ 13' 2""";" -2å¡ 56' 4.2"""
 La Lande du Vieux PavÌ©; 9,350 kW;" 48å¡ 27' 22.5""";" -3å¡ 29' 53.9"""
 La Lande Vache Gare; 9,200 kW;" 47å¡ 54' 37.3""";" -2å¡ 43' 24.8"""
 La LimouziniÌ¬re; 6,150 kW;" 46å¡ 59' 22.4""";" -1å¡ 38' 14.3"""
 La Luzette; 6,000 kW;" 44å¡ 51' 29.2""";" 2å¡ 6' 8.6"""
 La MahaudiÌ¬re; 3,025 kW;" 16å¡ 28' 48""";" -61å¡ 30' 0"""
 La Mardelle; 12,000 kW;" 48å¡ 11' 38.3""";" 2å¡ 6' 46.6"""
 La Margotte; 12,000 kW;" 49å¡ 36' 8.9""";" 4å¡ 56' 25.8"""
 La Marne; 10,250 kW;" 46å¡ 59' 32.5""";" -1å¡ 42' 3.5"""
 La Mayrand; 4,800 kW;" 45å¡ 25' 16.8""";" 3å¡ 1' 15.8"""
 La Montagne; 12,000 kW;" 47å¡ 18' 42.4""";" 4å¡ 40' 44.9"""
 La Montagne ardÌ©choise; 9,000 kW;" 44å¡ 40' 7.5""";" 3å¡ 59' 48.7"""
 La Montjoie; 10,250 kW;" 48å¡ 27' 57.7""";" 5å¡ 36' 18.3"""
 La Motelle; 18,000 kW;" 49å¡ 33' 38.1""";" 4å¡ 5' 47"""
 La Motte; 9,200 kW;" 50å¡ 34' 22.2""";" 2å¡ 21' 46.1"""
 La Motte-de-Galaure; 4,000 kW;" 45å¡ 11' 49.2""";" 4å¡ 54' 21.5"""
 La NisandiÌ¬re; 4,250 kW;" 46å¡ 37' 11.4""";" -1å¡ 46' 50"""
 La Nourais; 10,000 kW;" 47å¡ 46' 25.9""";" -1å¡ 45' 15.1"""
 La Picoterie; 22,000 kW;" 49å¡ 1' 8.6""";" 3å¡ 18' 43.1"""
 La PiÌ¬ce du Roi; 8,000 kW;" 49å¡ 30' 46.6""";" 5å¡ 37' 36.8"""
 La Plaine HocquÌ©lus; 9,200 kW;" 50å¡ 1' 56.6""";" 1å¡ 34' 1.9"""
 La RenardiÌ¬re; 12,300 kW;" 47å¡ 41' 44.8""";" -1å¡ 34' 49.1"""
 La RÌ©para Auriples; 2,300 kW;" 44å¡ 39' 32.2""";" 4å¡ 59' 23.4"""
 La Roque; 3,600 kW;" 43å¡ 28' 35.3""";" 2å¡ 49' 1.8"""
 La SabliÌ¬re; 25,600 kW;" 49å¡ 43' 39.4""";" 2å¡ 35' 8"""
 La Salesse; 16,100 kW;" 43å¡ 41' 4.9""";" 2å¡ 51' 16.8"""
 La Salle; 8,000 kW;" 48å¡ 21' 49.8""";" -3å¡ 12' 43.3"""
 La Sole du Bois; 8,000 kW;" 50å¡ 8' 17.8""";" 2å¡ 46' 4"""
 La Solerie; 12,300 kW;" 49å¡ 48' 16.1""";" 2å¡ 53' 15.6"""
 La Souterraine; 8,000 kW;" 46å¡ 14' 20.7""";" 1å¡ 28' 58.7"""
 La TessonniÌ¬re; 4,000 kW;" 44å¡ 40' 15""";" 4å¡ 52' 9.5"""
 La Tourette; 12,000 kW;" 46å¡ 9' 35.2""";" -0å¡ 9' 14.7"""
 La VallÌ©e; 32,000 kW;" 47å¡ 0' 0.7""";" 1å¡ 52' 9.6"""
 La VallÌ©e du Moulin; 12,000 kW;" 48å¡ 11' 38.3""";" 2å¡ 6' 46.6"""
 La ValliÌ¬re; 8,000 kW;" 47å¡ 30' 21.8""";" -1å¡ 14' 15.6"""
 La Voie Romaine; 4,000 kW;" 48å¡ 49' 4.8""";" 4å¡ 24' 3.5"""
 La Volette; 8,000 kW;" 49å¡ 30' 37.3""";" 5å¡ 40' 42.8"""
 Labastide-sur-BÌ©sorgues; 900 kW;" 44å¡ 43' 47.9""";" 4å¡ 17' 59.9"""
 Lagarrigue; 100 kW;" 44å¡ 17' 52""";" 0å¡ 22' 45.6"""
 Lamballe; 9,200 kW;" 48å¡ 30' 35.5""";" -2å¡ 29' 15.7"""
 Landes de CouesmÌ©; 33,000 kW;" 47å¡ 46' 22.3""";" -2å¡ 12' 21.4"""
 Landes du MenÌ©; 5,600 kW;" 48å¡ 15' 44.4""";" -2å¡ 31' 3.3"""
 Laneuville-au-Rupt; 10,000 kW;" 48å¡ 42' 53.9""";" 5å¡ 34' 46.8"""
 Lanfains; 7,500 kW;" 48å¡ 21' 0""";" -2å¡ 55' 11.9"""
 LangoÌÇlan; 1,800 kW;" 48å¡ 8' 24.1""";" -3å¡ 13' 10.3"""
 Langres Sud; 53,300 kW;" 47å¡ 43' 16.3""";" 5å¡ 14' 18.3"""
 LannÌ©anou; 4,000 kW;" 48å¡ 29' 20.3""";" -3å¡ 40' 20.5"""
 LanouÌ©e; 8,200 kW;" 48å¡ 0' 8.7""";" -2å¡ 35' 0.9"""
 LanrivoarÌ© I; 2,600 kW;" 48å¡ 28' 11.9""";" -4å¡ 36' 41.4"""
 LanrivoarÌ© II; 2,550 kW;" 48å¡ 27' 21.6""";" -4å¡ 38' 37.6"""
 Lascombe; 1,700 kW;" 44å¡ 2' 45.2""";" 2å¡ 41' 45.6"""
 Lassay-Les-ChÌ¢teaux; 6,900 kW;" 48å¡ 25' 22""";" -0å¡ 30' 20"""
 Laucourt; 10,000 kW;" 49å¡ 40' 29.1""";" 2å¡ 45' 27.8"""
 Lauwin-Planque; 12,000 kW;" 50å¡ 23' 42""";" 3å¡ 1' 15"""
 Lauzach; 10,000 kW;" 47å¡ 36' 49.9""";" -2å¡ 32' 36.6"""
 Le Blaiseron; 12,000 kW;" 48å¡ 20' 16.5""";" 5å¡ 2' 18.1"""
 Le Bois Cheneau; 10,000 kW;" 48å¡ 15' 24.6""";" 1å¡ 56' 8.1"""
 Le Bois de Tappe; 6,000 kW;" 49å¡ 26' 49.4""";" 5å¡ 41' 51.7"""
 Le Bois du Haut; 12,000 kW;" 50å¡ 20' 30.2""";" 2å¡ 29' 13.5"""
 Le Boutonnier; 12,000 kW;" 48å¡ 38' 38.8""";" 5å¡ 27' 55.8"""
 Le Buquet; 11,750 kW;" 49å¡ 58' 53.9""";" 1å¡ 39' 21.2"""
 Le Carnet; 6,000 kW;" 47å¡ 15' 59""";" -1å¡ 56' 47.9"""
 Le Carreau; 10,000 kW;" 48å¡ 5' 57.2""";" 1å¡ 45' 17.9"""
 Le Carreau Manceau; 12,000 kW;" 49å¡ 37' 29.1""";" 3å¡ 58' 55.5"""
 Le Cezallier; 6,400 kW;" 45å¡ 26' 10.6""";" 3å¡ 4' 8.2"""
 Le Champ au Chat; 12,000 kW;" 50å¡ 23' 16.9""";" 2å¡ 28' 12.5"""
 Le Champ aux Roches; 6,900 kW;" 49å¡ 35' 51.6""";" 5å¡ 7' 22.7"""
 Le Champ de L‰ÛªEpÌ©e; 17,100 kW;" 48å¡ 38' 42.1""";" 4å¡ 10' 38.8"""
 Le Champ des Soeurettes; 16,100 kW;" 50å¡ 0' 34.6""";" 1å¡ 32' 25.7"""
 Le Champ Vert; 4,100 kW;" 49å¡ 42' 3.1""";" 3å¡ 4' 32.1"""
 Le Charmois; 12,300 kW;" 48å¡ 33' 46.6""";" 5å¡ 31' 18.5"""
 Le Chat Huant; 8,200 kW;" 50å¡ 17' 7.4""";" 2å¡ 15' 21.7"""
 Le Clos du Pressoir; 12,000 kW;" 47å¡ 12' 46.5""";" -0å¡ 35' 39.7"""
 Le Coin Malo; 21,150 kW;" 50å¡ 2' 38.6""";" 1å¡ 34' 9.5"""
 Le Colombier; 10,000 kW;" 46å¡ 42' 41.4""";" -0å¡ 21' 32.3"""
 Le Faux; 900 kW;;
 Le Fouy; 10,000 kW;" 47å¡ 11' 20""";" -0å¡ 47' 13.5"""
 Le Garimetz; 12,000 kW;" 50å¡ 23' 17.6""";" 2å¡ 28' 13.6"""
 Le Gollot; 10,400 kW;" 48å¡ 27' 55.9""";" -3å¡ 16' 48.8"""
 Le Grand Camp; 10,000 kW;" 48å¡ 15' 14.5""";" 1å¡ 55' 25"""
 Le Grand Linault; 10,000 kW;" 46å¡ 41' 11.9""";" -0å¡ 28' 41.5"""
 Le Ham; 6,000 kW;" 48å¡ 22' 40.3""";" -0å¡ 20' 33.4"""
 Le Haut Corlay; 9,000 kW;" 48å¡ 21' 32.4""";" -3å¡ 2' 11.3"""
 Le Haut des Ailes; 12,000 kW;" 48å¡ 37' 24.4""";" 6å¡ 49' 58.7"""
 Le Horps; 13,800 kW;" 48å¡ 24' 55.7""";" -0å¡ 34' 2.7"""
 Le Landier du Rohallet; 8,000 kW;" 48å¡ 2' 2.3""";" -2å¡ 46' 6.1"""
 Le Louveng; 11,000 kW;" 50å¡ 12' 15.9""";" 3å¡ 37' 56.8"""
 Le MÌ©e; 18,000 kW;" 47å¡ 1' 42.5""";" 1å¡ 47' 54.5"""
 Le Merdy; 4,100 kW;" 48å¡ 5' 5.4""";" -3å¡ 45' 22.3"""
 Le Mesnil-Opac; 9,200 kW;" 49å¡ 0' 46.9""";" -1å¡ 5' 48.6"""
 Le Miroir; 16,000 kW;" 50å¡ 3' 29.9""";" 2å¡ 6' 12.6"""
 Le Mont de Ponche; 8,000 kW;" 50å¡ 35' 42.4""";" 2å¡ 12' 19.8"""
 Le Mont d‰ÛªAunay; 11,500 kW;" 50å¡ 49' 47.9""";" 1å¡ 49' 48"""
 Le Moule; 15 kW;" 16å¡ 19' 47.9""";" -61å¡ 21' 0"""
 Le Moulin ÌÊ Cheval; 8,000 kW;" 49å¡ 37' 44""";" 2å¡ 34' 38.5"""
 Le Moulin de Pierre Nord; 9,900 kW;" 48å¡ 13' 9.8""";" 1å¡ 26' 25.4"""
 Le Moulin de Pierre Sud; 9,900 kW;" 48å¡ 13' 9.8""";" 1å¡ 26' 25.4"""
 Le Moulin d‰ÛªEmanville; 51,000 kW;" 48å¡ 19' 1.4""";" 1å¡ 39' 29"""
 Le Moulin Prouville; 8,000 kW;" 50å¡ 9' 51.4""";" 2å¡ 7' 10.7"""
 Le Muguet; 12,300 kW;" 49å¡ 35' 43.6""";" 2å¡ 2' 8.7"""
 Le Nitis 1; 11,750 kW;" 49å¡ 26' 29""";" 4å¡ 24' 51.2"""
 Le Nitis 2; 11,750 kW;" 49å¡ 26' 29""";" 4å¡ 24' 51.2"""
 Le Nouvion Saint Riquier 1; 11,500 kW;" 50å¡ 13' 1.1""";" 1å¡ 57' 29"""
 Le Nouvion Saint Riquier 2; 12,000 kW;" 50å¡ 13' 1.1""";" 1å¡ 57' 29"""
 Le Nouvion Saint Riquier 3; 14,000 kW;" 50å¡ 13' 1.1""";" 1å¡ 57' 29"""
 Le Nouvion Saint Riquier 4; 12,000 kW;" 50å¡ 13' 1.1""";" 1å¡ 57' 29"""
 Le Petit JÌ©sus; 12,300 kW;" 50å¡ 13' 18.9""";" 2å¡ 22' 0.7"""
 Le Placis Vert; 4,000 kW;" 48å¡ 17' 20.5""";" -2å¡ 32' 40.6"""
 Le Plateau; 6,900 kW;" 48å¡ 25' 12""";" -2å¡ 25' 11.9"""
 Le Portel; 3,000 kW;" 50å¡ 43' 18.8""";" 1å¡ 33' 57.4"""
 Le Pouzin; 4,600 kW;" 44å¡ 45' 0""";" 4å¡ 45' 0"""
 Le Quarnon; 4,000 kW;" 48å¡ 51' 44.1""";" 4å¡ 31' 15.4"""
 Le Rochereau; 6,680 kW;" 46å¡ 40' 47.9""";" 0å¡ 8' 24"""
 Le Rochereau II; 8,000 kW;" 46å¡ 40' 18.4""";" 0å¡ 10' 22.5"""
 Le Sainbois; 11,500 kW;" 48å¡ 1' 11.9""";" 1å¡ 37' 30.3"""
 Le Teillat; 8,000 kW;" 46å¡ 14' 20.7""";" -0å¡ 11' 2.4"""
 Le TrÌ©port; 496,000 kW;" 50å¡ 8' 59.9""";" 1å¡ 7' 12"""
 Le Val de Noye; 27,600 kW;" 49å¡ 42' 36""";" 2å¡ 23' 24"""
 Le Vert Galant; 12,000 kW;" 50å¡ 20' 37.5""";" 2å¡ 28' 47.2"""
 Le Vieux Moulin; 6,000 kW;" 48å¡ 13' 55.9""";" 2å¡ 6' 20.7"""
 Le Vieux Moulin - Hautevesnes; 12,300 kW;" 49å¡ 6' 35.9""";" 3å¡ 14' 24"""
 Lefaux; 900 kW;" 50å¡ 34' 9.8""";" 1å¡ 38' 58.7"""
 Leign Ar Gasprenn; 8,000 kW;" 48å¡ 18' 36""";" -3å¡ 48' 36"""
 Les 3 Communes; 20,000 kW;" 49å¡ 34' 56.7""";" 4å¡ 58' 51.6"""
 Les 3 Ormes; 16,800 kW;" 47å¡ 5' 15.6""";" 2å¡ 5' 2.6"""
 Les 5 HÌ»tres; 6,000 kW;" 50å¡ 23' 2.2""";" 2å¡ 27' 50.7"""
 Les Ailes d‰ÛªArgensol; 10,000 kW;" 48å¡ 32' 10.7""";" 3å¡ 55' 6.1"""
 Les Aulnaies; 16,000 kW;" 47å¡ 16' 7.1""";" -0å¡ 53' 57.7"""
 Les Ballendaux; 10,000 kW;" 48å¡ 42' 27.5""";" -0å¡ 3' 41.5"""
 Les Barbes d‰ÛªOr; 12,500 kW;" 46å¡ 59' 4.5""";" 2å¡ 3' 51.8"""
 Les Barthes; 12,000 kW;" 44å¡ 56' 27.7""";" 4å¡ 5' 17.3"""
 Les Brandes; 15,000 kW;" 46å¡ 19' 41.7""";" 0å¡ 28' 21.3"""
 Les Champs Blancs; 10,000 kW;" 46å¡ 23' 22.4""";" -0å¡ 37' 0"""
 Les Chataigniers; 14,000 kW;" 48å¡ 52' 49""";" 3å¡ 34' 35.9"""
 Les ChÌ»nes; 11,500 kW;" 50å¡ 0' 25.3""";" 1å¡ 34' 45.2"""
 Les ClÌ©rimois; 8,200 kW;" 48å¡ 13' 45.8""";" 3å¡ 26' 31.1"""
 Les Coudrays; 10,000 kW;" 47å¡ 4' 55.9""";" 2å¡ 14' 4.2"""
 Les CrÌ»tes; 10,000 kW;" 47å¡ 8' 43""";" -0å¡ 39' 11.9"""
 Les CrÌ»tes d‰ÛªHÌ©ninel; 6,000 kW;" 50å¡ 13' 23.9""";" 2å¡ 52' 13.7"""
 Les Croquettes; 12,500 kW;" 47å¡ 8' 14.2""";" 2å¡ 10' 56"""
 Les Diagots; 1,000 kW;" 45å¡ 26' 34.5""";" 3å¡ 2' 13.9"""
 Les Eparmonts; 12,000 kW;" 48å¡ 23' 3""";" 5å¡ 4' 10.2"""
 Les Gargouilles; 9,200 kW;" 48å¡ 22' 40.7""";" 1å¡ 56' 59.9"""
 Les Gourlus; 38,400 kW;" 48å¡ 47' 11.5""";" 4å¡ 23' 22"""
 Les Hauteurs de l‰ÛªAlbe - GrÌ©ning; 6,900 kW;" 48å¡ 57' 50.3""";" 6å¡ 49' 55"""
 Les Hauteurs de l‰ÛªAlbe - Nelling; 6,900 kW;" 48å¡ 58' 37.4""";" 6å¡ 51' 45"""
 Les Hauts Pays; 26,650 kW;" 48å¡ 20' 20""";" 5å¡ 22' 48.7"""
 Les Hauts Vents; 6,900 kW;" 49å¡ 2' 37.7""";" -0å¡ 57' 53.5"""
 Les Joyeuses; 10,000 kW;" 46å¡ 59' 4.5""";" 2å¡ 3' 51.8"""
 Les Landes du Tertre; 10,000 kW;" 48å¡ 9' 35.6""";" -2å¡ 39' 31.2"""
 Les Landes Lavernat; 8,000 kW;" 47å¡ 41' 58.5""";" 0å¡ 19' 17"""
 Les Longs Champs; 9,200 kW;" 49å¡ 12' 25.9""";" -0å¡ 35' 41"""
 Les Malandaux; 4,000 kW;" 48å¡ 51' 11.8""";" 4å¡ 30' 49.5"""
 Les Mardeaux; 11,500 kW;" 47å¡ 55' 45.8""";" 1å¡ 19' 46.2"""
 Les Marettes; 12,000 kW;" 49å¡ 44' 18.7""";" 0å¡ 59' 18.3"""
 Les MÌ©tairies; 12,500 kW;" 46å¡ 25' 27.5""";" -1å¡ 27' 19.8"""
 Les MignaudiÌ¬res; 12,000 kW;" 46å¡ 20' 44.9""";" 0å¡ 26' 12.6"""
 Les Mistandines; 10,000 kW;" 47å¡ 5' 44.3""";" 2å¡ 13' 24"""
 Les Monts Bergerons I; 10,000 kW;" 50å¡ 4' 58.1""";" 1å¡ 53' 5.4"""
 Les Monts Bergerons II; 12,000 kW;" 50å¡ 4' 21.2""";" 1å¡ 54' 12.1"""
 Les Monts d‰ÛªAin; 10,000 kW;" 46å¡ 4' 16.8""";" 5å¡ 30' 5.5"""
 Les moulins de Boulay; 10,000 kW;" 49å¡ 11' 8.6""";" 6å¡ 31' 8.1"""
 Les Neufs Champs; 8,000 kW;" 49å¡ 30' 47""";" 5å¡ 38' 40.2"""
 Les Nouillers; 10,000 kW;" 45å¡ 55' 53""";" -0å¡ 39' 45.1"""
 Les PÌ©nages; 11,500 kW;" 47å¡ 54' 58.6""";" 1å¡ 21' 3.2"""
 Les Pins; 2,300 kW;" 44å¡ 10' 5.9""";" 2å¡ 54' 14.2"""
 Les PrÌ¬s Baron; 10,000 kW;" 48å¡ 25' 34.1""";" -0å¡ 14' 8.4"""
 Les PrÌ©s Hauts; 12,300 kW;" 50å¡ 40' 47.9""";" 2å¡ 10' 48"""
 Les Quatre Buissons; 12,300 kW;" 50å¡ 14' 20.5""";" 2å¡ 23' 36.1"""
 Les Raffauds; 12,000 kW;" 46å¡ 8' 36.8""";" -0å¡ 3' 2.3"""
 Les RenardiÌ¬res; 21,000 kW;" 48å¡ 34' 19.7""";" 4å¡ 5' 26.5"""
 Les Rochers; 12,000 kW;" 46å¡ 54' 35.3""";" 1å¡ 20' 57.3"""
 Les Rossignols; 6,000 kW;" 50å¡ 22' 26.5""";" 2å¡ 2' 17.5"""
 Les Sablons; 10,000 kW;" 48å¡ 56' 26.3""";" -0å¡ 11' 49.4"""
 Les TaillÌ©es; 9,000 kW;" 46å¡ 29' 5.9""";" -0å¡ 24' 14"""
 Les Tilleuls; 12,500 kW;" 46å¡ 59' 4.5""";" 2å¡ 3' 51.8"""
 Les Touches; 15,000 kW;" 47å¡ 28' 31.4""";" -1å¡ 24' 46.4"""
 Les Treize; 8,200 kW;" 50å¡ 16' 42.4""";" 2å¡ 17' 34.5"""
 Les Trente; 10,000 kW;" 49å¡ 38' 53.4""";" 2å¡ 48' 30.2"""
 Les Trois Fermes; 10,000 kW;" 48å¡ 11' 31.3""";" 2å¡ 13' 7.7"""
 Les Trois Muids; 11,500 kW;" 48å¡ 4' 45.6""";" 1å¡ 42' 11.6"""
 Les Valottes; 12,000 kW;" 48å¡ 38' 30.7""";" 5å¡ 31' 40.8"""
 Les Vatines; 12,500 kW;" 49å¡ 51' 26.8""";" 1å¡ 30' 48.7"""
 Les Vignes; 12,500 kW;" 46å¡ 45' 34.5""";" 1å¡ 48' 57.1"""
 Les Vingt SÌ©tiers; 2,300 kW;" 48å¡ 20' 2.2""";" 1å¡ 58' 31.3"""
 Lesterps-Saulgond; 6,000 kW;" 46å¡ 0' 36.9""";" 0å¡ 46' 50.9"""
 Lestrade; 11,500 kW;" 44å¡ 4' 52.7""";" 2å¡ 41' 5"""
 Leury; 3,000 kW;" 49å¡ 25' 28.4""";" 3å¡ 19' 26.1"""
 LevÌ©zou Salles-Curan; 12,000 kW;" 44å¡ 9' 13.5""";" 2å¡ 47' 41.9"""
 LÌ©vigny; 8,200 kW;" 48å¡ 17' 40.5""";" 4å¡ 41' 20.9"""
 Licheres; 12,000 kW;" 47å¡ 42' 51.1""";" 3å¡ 51' 54.9"""
 Lieusaint; 130 kW;" 48å¡ 37' 9.1""";" 2å¡ 32' 57.2"""
 Lihus; 11,500 kW;" 49å¡ 35' 18.9""";" 2å¡ 3' 1.3"""
 Lihus 2 - HÌ©tomesnil; 10,000 kW;" 49å¡ 36' 48.6""";" 2å¡ 2' 12.5"""
 Lislet 1; 850 kW;" 49å¡ 41' 8.6""";" 4å¡ 1' 19.2"""
 Lislet 2; 850 kW;" 49å¡ 41' 13.5""";" 4å¡ 1' 21.2"""
 Lomont; 18,000 kW;" 47å¡ 20' 16.1""";" 6å¡ 35' 44.9"""
 Longchamps; 8,350 kW;" 50å¡ 8' 9.6""";" 2å¡ 15' 48.8"""
 Longchamps-Nohant-en-GraÌ¤ay; 10,000 kW;" 47å¡ 7' 30.2""";" 1å¡ 55' 50.4"""
 Longeville-sur-mer; 12,500 kW;" 46å¡ 25' 27""";" -1å¡ 29' 19.2"""
 Longue Epine; 10,000 kW;" 49å¡ 59' 48""";" 1å¡ 45' 0"""
 Longuyon 1; 11,500 kW;" 49å¡ 27' 11.2""";" 5å¡ 38' 41.6"""
 Longuyon 2; 2,300 kW;" 49å¡ 27' 11.2""";" 5å¡ 38' 41.6"""
 Lou Paou I; 12,000 kW;" 44å¡ 33' 34.2""";" 3å¡ 30' 8.3"""
 Lou Paou II; 2,000 kW;" 44å¡ 30' 35.9""";" 3å¡ 30' 0"""
 Louville 2; 16,500 kW;" 48å¡ 20' 24.7""";" 1å¡ 47' 27.7"""
 Louville-la-Chenard; 12,000 kW;" 48å¡ 19' 41.6""";" 1å¡ 46' 4.2"""
 Luc-sur-Orbieu; 12,000 kW;" 43å¡ 10' 31.1""";" 2å¡ 48' 49.6"""
 Luchy-Muidorge; 10,000 kW;" 49å¡ 32' 45.7""";" 2å¡ 8' 17.5"""
 Lusanger; 8,000 kW;" 47å¡ 40' 33.4""";" -1å¡ 38' 11"""
 Lusignan; 300 kW;" 46å¡ 24' 45.9""";" 0å¡ 5' 13.3"""
 L‰ÛªEpine; 12,300 kW;" 48å¡ 31' 5.3""";" 5å¡ 36' 45"""
 L‰ÛªEspinassiÌ¬re; 18,000 kW;" 46å¡ 53' 22.9""";" -1å¡ 46' 22.8"""
 L‰ÛªHuÌ¨tre et Grandville; 12,000 kW;" 48å¡ 33' 48.5""";" 4å¡ 12' 45.5"""
 L‰ÛªOlivier; 2,300 kW;" 42å¡ 59' 59.8""";" 2å¡ 59' 6.2"""
 L‰ÛªOsiÌ¬res; 14,000 kW;" 49å¡ 7' 31.2""";" 3å¡ 15' 30.6"""
 L‰ÛªOust; 8,200 kW;" 47å¡ 46' 8.7""";" -2å¡ 19' 1.3"""
 Machault; 32,000 kW;" 49å¡ 21' 26.4""";" 4å¡ 33' 20.5"""
 Magremont; 12,500 kW;" 50å¡ 4' 32.8""";" 2å¡ 18' 33.6"""
 MaisniÌ¬res I; 12,000 kW;" 50å¡ 0' 13.1""";" 1å¡ 37' 22.7"""
 MaisniÌ¬res II; 12,000 kW;" 50å¡ 0' 3.2""";" 1å¡ 36' 57"""
 Maisontiers-Tessonniere; 16,500 kW;" 46å¡ 47' 54.6""";" -0å¡ 14' 12.3"""
 Malaucourt-sur-Seille; 12,000 kW;" 48å¡ 50' 41.6""";" 6å¡ 20' 30.9"""
 Mancheville; 4,000 kW;" 50å¡ 2' 25.4""";" 1å¡ 22' 51.9"""
 Manneville-Ì¬s-Plains; 13,800 kW;" 49å¡ 51' 47.7""";" 0å¡ 45' 4.5"""
 Marcellois; 10,800 kW;" 47å¡ 20' 59""";" 4å¡ 36' 38.3"""
 Mardyck; 4,000 kW;" 51å¡ 0' 32.2""";" 2å¡ 15' 30.9"""
 Marsais 1; 8,000 kW;" 46å¡ 7' 26.1""";" -0å¡ 36' 26.8"""
 Marsais 2; 8,000 kW;" 46å¡ 7' 26.1""";" -0å¡ 36' 26.8"""
 Marsanne; 12,000 kW;" 44å¡ 40' 47.9""";" 4å¡ 52' 47.9"""
 Mas de Leuze; 7,200 kW;" 43å¡ 37' 22.9""";" 4å¡ 45' 57.3"""
 Massay; 23,100 kW;" 47å¡ 7' 16.9""";" 1å¡ 57' 13.7"""
 Massigny-lÌ¬s-Vitteaux; 10,800 kW;" 47å¡ 23' 56.4""";" 4å¡ 34' 51.8"""
 Mauron; 10,000 kW;" 48å¡ 7' 48""";" -2å¡ 18' 36"""
 MauzÌ©-Thouarsais; 7,050 kW;" 46å¡ 59' 48.7""";" -0å¡ 17' 6.9"""
 Maxent; 6,000 kW;" 47å¡ 58' 56.2""";" -2å¡ 2' 4.6"""
 Mazeray-Bignay; 12,500 kW;" 45å¡ 54' 38.4""";" -0å¡ 35' 7.9"""
 MÌ©autis; 8,000 kW;" 49å¡ 17' 7.2""";" -1å¡ 18' 37.8"""
 MÌ©ligny-le-Grand; 8,000 kW;" 48å¡ 40' 9.1""";" 5å¡ 30' 12.7"""
 Melleran-Hanc-LorignÌ©-La Chapelle Pouilloux; 21,350 kW;" 46å¡ 6' 11.4""";" 0å¡ 0' 58.4"""
 MÌ©nÌ©ac; 5,600 kW;" 48å¡ 7' 28""";" -2å¡ 26' 47.1"""
 Menez-Braz; 1,200 kW;" 48å¡ 11' 58.8""";" -4å¡ 7' 32.4"""
 MÌ©nil la Horgne; 10,500 kW;" 48å¡ 42' 1.7""";" 5å¡ 30' 5"""
 MerdÌ©lou; 7,800 kW;" 43å¡ 45' 35.9""";" 2å¡ 53' 59.9"""
 Meria; 6,400 kW;" 42å¡ 56' 6.4""";" 9å¡ 22' 42.2"""
 MÌ©sanger I; 9,200 kW;" 47å¡ 27' 26""";" -1å¡ 11' 53.4"""
 MÌ©sanger II; 9,200 kW;" 47å¡ 28' 0.7""";" -1å¡ 13' 6.6"""
 Mesnil-Rousset - La Haye-Saint-Sylvestre; 12,300 kW;" 48å¡ 53' 53.6""";" 0å¡ 34' 37.9"""
 MigÌ©-Escamps; 6,150 kW;" 47å¡ 40' 46.8""";" 3å¡ 31' 13.6"""
 MinÌ©-Kervir; 11,500 kW;" 48å¡ 4' 5.1""";" -3å¡ 46' 27.5"""
 Miquelon; 600 kW;" 47å¡ 7' 11.9""";" -56å¡ 22' 11.9"""
 Mistral; 10,000 kW;" 43å¡ 17' 59.9""";" 4å¡ 54' 0"""
 Moeuvres; 16,500 kW;" 50å¡ 8' 25.1""";" 3å¡ 2' 0.9"""
 Mohon; 20,000 kW;" 48å¡ 3' 12.6""";" -2å¡ 31' 33.8"""
 Molinons; 10,000 kW;" 48å¡ 12' 28.6""";" 3å¡ 32' 41.1"""
 Momerstroff; 11,500 kW;" 49å¡ 8' 37.5""";" 6å¡ 31' 23.2"""
 Monnes; 6,000 kW;" 49å¡ 8' 54.5""";" 3å¡ 13' 9.3"""
 Mont de BÌ©zard; 14,000 kW;" 48å¡ 41' 34.3""";" 4å¡ 2' 50.7"""
 Mont de Gerson; 6,000 kW;" 49å¡ 32' 4.5""";" 4å¡ 19' 52.4"""
 Mont de Grignon; 12,000 kW;" 48å¡ 35' 6.4""";" 4å¡ 7' 27.1"""
 Mont de l‰ÛªArbre; 6,150 kW;" 48å¡ 50' 15.7""";" 4å¡ 34' 12.2"""
 Mont de Saint BenoÌ¨t; 3,200 kW;" 48å¡ 22' 56.4""";" 4å¡ 1' 35.9"""
 Mont de Saint Loup; 26,000 kW;" 49å¡ 26' 53.7""";" 4å¡ 15' 24"""
 Mont du Saule; 7,050 kW;" 48å¡ 21' 17.5""";" -0å¡ 24' 15.7"""
 Mont d‰ÛªArcis; 5,000 kW;" 48å¡ 35' 4.5""";" 4å¡ 9' 16.4"""
 Mont d‰ÛªErgny; 11,500 kW;" 50å¡ 35' 59.1""";" 1å¡ 58' 3.9"""
 Mont d‰ÛªErny; 12,500 kW;" 50å¡ 36' 54.7""";" 2å¡ 14' 8.2"""
 Mont Famillot; 3,200 kW;" 48å¡ 52' 16.5""";" 4å¡ 31' 42.4"""
 Mont Gimont; 24,000 kW;" 48å¡ 18' 30.7""";" 4å¡ 59' 26.5"""
 Mont Heudelan; 16,500 kW;" 49å¡ 16' 24.4""";" 4å¡ 24' 58.5"""
 Mont Huet; 9,000 kW;" 50å¡ 33' 57.7""";" 1å¡ 43' 15.3"""
 Mont Jarron; 12,000 kW;" 46å¡ 14' 0.8""";" -0å¡ 10' 49.1"""
 Mont Mau; 4,125 kW;" -22å¡ 22' 26""";" 166å¡ 46' 24.9"""
 Mont NÌ©gandi; 1,800 kW;" -22å¡ 7' 47.9""";" 166å¡ 23' 23.9"""
 Montagne Gaillard; 18,400 kW;" 49å¡ 59' 21.6""";" 3å¡ 7' 9.1"""
 Montagne-Fayel; 12,000 kW;" 49å¡ 53' 58.2""";" 1å¡ 58' 47.3"""
 Montauriol; 800 kW;;
 Montbray - Margueray; 20,000 kW;" 48å¡ 53' 44.2""";" -1å¡ 8' 28.3"""
 Montigny-le-Franc; 28,800 kW;" 49å¡ 41' 18.2""";" 3å¡ 54' 41.8"""
 Montjean; 12,000 kW;" 46å¡ 3' 49.2""";" 0å¡ 5' 47"""
 Montjoyer et Rochefort; 9,750 kW;" 44å¡ 29' 9.8""";" 4å¡ 53' 15.6"""
 MontlouÌ©; 8,000 kW;" 49å¡ 40' 19.5""";" 4å¡ 2' 35.3"""
 Montrigaud; 24,600 kW;" 45å¡ 13' 7.8""";" 5å¡ 7' 50.8"""
 Monts de Lacaune; 32,200 kW;" 43å¡ 39' 55.3""";" 2å¡ 40' 49.6"""
 Moquepanier; 16,000 kW;" 45å¡ 51' 51.8""";" 0å¡ 19' 52.7"""
 MorÌ©ac; 16,000 kW;" 47å¡ 55' 9.6""";" -2å¡ 49' 15.7"""
 Morlange; 9,600 kW;" 49å¡ 7' 1.6""";" 6å¡ 29' 26.7"""
 Morne Constant; 1,380 kW;" 15å¡ 55' 43.6""";" -61å¡ 13' 18.8"""
 Morne-CarriÌ¬re; 1,100 kW;" 14å¡ 31' 30.8""";" -60å¡ 55' 50.6"""
 Morvillers; 12,300 kW;" 49å¡ 46' 56.1""";" 1å¡ 49' 35.6"""
 Moulin ÌÊ Vent; 10,000 kW;" 48å¡ 23' 43.1""";" 3å¡ 33' 39.6"""
 Moulin de Froidure; 12,000 kW;" 50å¡ 3' 53.5""";" 1å¡ 58' 24"""
 Moulin de la Somme; 12,500 kW;" 49å¡ 40' 42.9""";" 2å¡ 13' 56.3"""
 Moulin de Merville; 10,000 kW;" 49å¡ 55' 57.3""";" 3å¡ 17' 26.6"""
 Moulin Tizon; 12,000 kW;" 48å¡ 14' 48.9""";" -1å¡ 13' 23.7"""
 Moulins-Pasilly; 20,000 kW;" 47å¡ 42' 59.2""";" 4å¡ 3' 41.5"""
 Mouzeuil St Martin - Le Langon; 8,000 kW;" 46å¡ 27' 36""";" -0å¡ 58' 47.9"""
 MuliniÌ¬re; 4,000 kW;" 46å¡ 36' 6.8""";" -1å¡ 47' 14.8"""
 Murat; 11,700 kW;" 43å¡ 39' 40.1""";" 2å¡ 53' 32.3"""
 Muzillac; 10,020 kW;" 47å¡ 31' 4.8""";" -2å¡ 27' 2.6"""
 Nalliers; 4,800 kW;" 46å¡ 29' 40.8""";" -1å¡ 1' 50.9"""
 NanÌ¤ois-le-Grand; 4,600 kW;" 48å¡ 42' 56.9""";" 5å¡ 22' 59"""
 NÌ©nuphar Twinfloat; 20,000 kW;" 43å¡ 17' 45.5""";" 4å¡ 55' 40.7"""
 Nesle-la-Reposte; 6,000 kW;" 48å¡ 37' 16.5""";" 3å¡ 34' 11.5"""
 Neuilly-Saint-Front; 10,000 kW;" 49å¡ 9' 7.7""";" 3å¡ 14' 52.9"""
 Neuvy-Bouin; 10,000 kW;" 46å¡ 39' 36.5""";" -0å¡ 26' 45.8"""
 NÌ©vian; 5,950 kW;" 43å¡ 11' 44.2""";" 2å¡ 52' 33.3"""
 Nibas; 12,000 kW;" 50å¡ 4' 47.2""";" 1å¡ 35' 0.8"""
 Niedervisse; 12,000 kW;" 49å¡ 9' 32.5""";" 6å¡ 34' 13.8"""
 Niziao; 6,000 kW;" 48å¡ 4' 5""";" -3å¡ 8' 3.9"""
 Noirmoutier; 496,000 kW;" 46å¡ 52' 11.9""";" -2å¡ 30' 35.9"""
 Noirterre; 12,000 kW;" 46å¡ 54' 34""";" -0å¡ 23' 28"""
 Nord Bassin de Thau I; 14,000 kW;" 43å¡ 23' 15.3""";" 3å¡ 31' 55.5"""
 Nord Bassin de Thau II; 12,000 kW;" 43å¡ 23' 15.3""";" 3å¡ 31' 55.5"""
 Noyales; 12,500 kW;" 49å¡ 54' 0.9""";" 3å¡ 31' 28.6"""
 Noyers-Saint-Martin; 11,500 kW;" 49å¡ 32' 51.7""";" 2å¡ 17' 28.1"""
 Nurlu; 8,000 kW;" 50å¡ 0' 2.4""";" 3å¡ 0' 7.4"""
 OlÌ©ron; 500,000 kW;" 45å¡ 53' 59.9""";" -1å¡ 45' 0"""
 Omissy; 10,000 kW;" 49å¡ 54' 10.3""";" 3å¡ 16' 30.7"""
 Ondefontaine; 10,000 kW;" 48å¡ 59' 46.4""";" -0å¡ 40' 52.9"""
 Opoul-PÌ©rillos; 10,500 kW;" 42å¡ 52' 53.6""";" 2å¡ 54' 52"""
 Oresmaux; 12,000 kW;" 49å¡ 45' 45.2""";" 2å¡ 14' 46.1"""
 Orme Champagne; 14,000 kW;" 48å¡ 46' 6.8""";" 4å¡ 28' 17"""
 Ottange;;" 49å¡ 26' 15.6""";" 5å¡ 59' 54.8"""
 Oupia; 8,100 kW;" 43å¡ 17' 43.5""";" 2å¡ 47' 34.2"""
 Ourcq et Clignon; 10,000 kW;" 49å¡ 8' 30.8""";" 3å¡ 11' 28.2"""
 OyrÌ©-Saint-Sauveur; 10,250 kW;" 46å¡ 50' 8""";" 0å¡ 37' 40.6"""
 Pamproux; 10,000 kW;" 46å¡ 24' 45.1""";" -0å¡ 1' 42.5"""
 Paradis; 10,000 kW;" 50å¡ 8' 36.8""";" 2å¡ 47' 32"""
 Parc de l‰ÛªAuxerrois; 32,000 kW;" 47å¡ 46' 8.3""";" 3å¡ 40' 38.3"""
 Parc de l‰ÛªOasis; 10,250 kW;" 48å¡ 20' 57.3""";" -0å¡ 26' 13"""
 Parc des Joyeux DÌ©veloppeurs;;" 50å¡ 23' 53.3""";" 1å¡ 50' 7.1"""
 Parc des Monts; 10,000 kW;" 48å¡ 24' 45.6""";" 4å¡ 1' 17.8"""
 Parc des Vignottes; 36,000 kW;" 48å¡ 35' 57.2""";" 3å¡ 42' 20.7"""
 Parc du Gatinais 1; 16,000 kW;" 48å¡ 8' 32.1""";" 2å¡ 34' 21.9"""
 Parc du Lauragais; 10,020 kW;" 43å¡ 27' 36""";" 1å¡ 55' 11.9"""
 Parc du Soleil Levant; 12,300 kW;" 47å¡ 48' 16.4""";" 3å¡ 41' 34"""
 PÌ¢tis; 7,500 kW;" 47å¡ 11' 43.4""";" -0å¡ 52' 3.6"""
 Pays de Saint-Seine; 12,000 kW;" 47å¡ 25' 38.1""";" 4å¡ 44' 11.3"""
 Pays d‰ÛªOthe; 8,000 kW;" 48å¡ 10' 2.6""";" 3å¡ 32' 37.1"""
 Pellafol; 3,000 kW;" 44å¡ 47' 39.1""";" 5å¡ 54' 56.1"""
 Penquer I; 8,000 kW;" 48å¡ 31' 56.2""";" -3å¡ 16' 55.7"""
 Penquer II; 4,000 kW;" 48å¡ 31' 56.2""";" -3å¡ 16' 55.7"""
 PÌ©pigou; 14,350 kW;" 43å¡ 19' 16.4""";" 1å¡ 37' 28.9"""
 PÌ©rÌ©; 8,000 kW;" 46å¡ 5' 29.4""";" -0å¡ 49' 49"""
 PÌ©rignÌ©; 8,000 kW;" 46å¡ 11' 16.3""";" -0å¡ 15' 9.9"""
 Perles; 12,300 kW;" 49å¡ 19' 33.2""";" 3å¡ 38' 59.7"""
 PerriÌ¬res; 16,000 kW;" 48å¡ 44' 56.7""";" 4å¡ 29' 48.8"""
 Petit Arbre; 12,000 kW;" 49å¡ 50' 29.1""";" 2å¡ 43' 58"""
 Petit Canal; 1,540 kW;" 16å¡ 25' 12""";" -61å¡ 24' 35.9"""
 Petit FranÌ¤ois; 2,200 kW;" 16å¡ 25' 12""";" -61å¡ 24' 35.9"""
 Petit Terroir; 6,900 kW;" 50å¡ 4' 12""";" 1å¡ 29' 23.9"""
 Petit-Fougeray; 10,000 kW;" 47å¡ 53' 37.4""";" -1å¡ 34' 10.2"""
 Petite Place; 0 kW;" 15å¡ 55' 43.6""";" -61å¡ 13' 18.8"""
 Peyrelevade; 9,000 kW;" 45å¡ 45' 35.9""";" 2å¡ 3' 36"""
 PiÌ¬ces de Vignes; 12,000 kW;" 47å¡ 0' 51.1""";" 1å¡ 46' 4.5"""
 Pigeon Blanc; 12,000 kW;" 47å¡ 57' 10""";" -2å¡ 20' 34.3"""
 Plaine Auboise; 13,800 kW;" 48å¡ 29' 53.7""";" 4å¡ 2' 4.9"""
 Plaines du Porcien; 20,000 kW;" 49å¡ 33' 42.6""";" 4å¡ 15' 30.2"""
 Plaines du Porcien II; 11,750 kW;" 49å¡ 34' 27""";" 4å¡ 14' 20.2"""
 Plan des Aladers - ChÌ¢teau de Lastours; 100 kW;" 43å¡ 1' 50.3""";" 2å¡ 53' 19.3"""
 Plan du Pal; 0 kW;" 43å¡ 1' 50.3""";" 2å¡ 53' 19.3"""
 Plan Fleury; 22,000 kW;" 48å¡ 37' 2.9""";" 4å¡ 0' 24.8"""
 Plateau ArdÌ©chois; 3,400 kW;" 44å¡ 48' 36""";" 4å¡ 8' 23.9"""
 Plateau Beauceron; 12,000 kW;" 48å¡ 16' 58.1""";" 2å¡ 13' 6.8"""
 Plateau de Langres; 12,300 kW;" 47å¡ 47' 3.6""";" 5å¡ 16' 52.8"""
 Plateau de Savernat; 4,000 kW;" 46å¡ 19' 12.3""";" 2å¡ 27' 51.1"""
 Plateau Picard 1; 10,000 kW;" 49å¡ 36' 13.7""";" 2å¡ 30' 41"""
 Pleichamp-La RenardiÌ¬re; 12,000 kW;" 48å¡ 38' 58.2""";" 5å¡ 20' 59.8"""
 PlÌ©lan-le-Grand; 12,000 kW;" 48å¡ 1' 24.5""";" -2å¡ 4' 42.5"""
 Pleugriffet; 10,000 kW;" 47å¡ 59' 23.4""";" -2å¡ 41' 9.7"""
 Pliboux; 12,000 kW;" 46å¡ 10' 3.4""";" 0å¡ 8' 24.6"""
 Plisson; 5,600 kW;" 46å¡ 27' 36""";" -0å¡ 58' 47.9"""
 Plo de la Rouquette; 13,800 kW;" 43å¡ 45' 37.5""";" 2å¡ 45' 52"""
 Plogastel-Saint-Germain; 9,200 kW;" 47å¡ 58' 55.6""";" -4å¡ 16' 13.3"""
 Plomodiern; 12,000 kW (downrated turbines);" 48å¡ 10' 47.2""";" -4å¡ 8' 0"""
 Plouarzel I; 3,300 kW;" 48å¡ 25' 49.5""";" -4å¡ 44' 55.6"""
 Plouarzel II; 3,400 kW;" 48å¡ 25' 49.5""";" -4å¡ 44' 55.6"""
 Ploudalmezeau; 9,100 kW;" 48å¡ 30' 37.1""";" -4å¡ 38' 29.4"""
 Plougras; 6,000 kW;" 48å¡ 28' 19""";" -3å¡ 34' 22.6"""
 PlouguernÌ©vel; 4,000 kW;" 48å¡ 14' 18.8""";" -3å¡ 12' 52.2"""
 Plouguin I; 10,000 kW;" 48å¡ 32' 16.2""";" -4å¡ 37' 21.4"""
 Plouguin II; 8,000 kW;" 48å¡ 31' 53.9""";" -4å¡ 37' 15.1"""
 Ploumoguer; 5,250 kW;" 48å¡ 24' 4""";" -4å¡ 45' 7.4"""
 Plourin; 3,400 kW;" 48å¡ 29' 19""";" -4å¡ 38' 58.7"""
 Plouvien; 10,400 kW;" 48å¡ 33' 4.5""";" -4å¡ 26' 45.7"""
 PlouyÌ©; 9,200 kW;" 48å¡ 19' 19.5""";" -3å¡ 45' 28.9"""
 Plumieux; 16,000 kW;" 48å¡ 6' 59.1""";" -2å¡ 36' 27.7"""
 Pluzunet; 6,000 kW;" 48å¡ 37' 54""";" -3å¡ 20' 11.2"""
 Pont de Salars; 12,000 kW;" 44å¡ 14' 48.5""";" 2å¡ 42' 2.1"""
 Pontru-Pontruet-Villeret; 16,000 kW;" 49å¡ 55' 43.6""";" 3å¡ 12' 21.4"""
 Port autonome de Marseille; 10,000 kW;" 43å¡ 23' 21.4""";" 4å¡ 50' 59.7"""
 Port-Saint-Louis-du-RhÌ«ne; 850 kW;" 43å¡ 26' 40.8""";" 4å¡ 47' 25"""
 Portes de Bretagne; 6,900 kW;" 47å¡ 43' 36.9""";" -1å¡ 18' 50.9"""
 Portes de Champagne; 12,300 kW;" 48å¡ 39' 39.3""";" 3å¡ 34' 29.4"""
 Portes de CÌ«tes d‰ÛªOr; 18,000 kW;" 47å¡ 1' 32.4""";" 4å¡ 39' 3.2"""
 Portes de France; 8,000 kW;" 49å¡ 9' 34.3""";" 6å¡ 57' 31.4"""
 Portes du CambrÌ©sis; 21,600 kW;" 50å¡ 8' 6.6""";" 3å¡ 8' 35.6"""
 Pougny; 4,700 kW;" 47å¡ 23' 36.4""";" 3å¡ 2' 36.2"""
 Pouzols; 5,100 kW;" 43å¡ 17' 15.1""";" 2å¡ 49' 37.2"""
 Preuseville; 6,000 kW;" 49å¡ 52' 14.4""";" 1å¡ 30' 54.5"""
 PrinÌ¤ay; 12,500 kW;" 46å¡ 23' 8.3""";" -0å¡ 32' 49.1"""
 Prony; 5,500 kW;" -22å¡ 19' 12""";" 166å¡ 49' 11.9"""
 Prototype DDIS; 800 kW;" 50å¡ 23' 12.2""";" 3å¡ 35' 58.4"""
 Provence Grand Large; 24,000 kW;" 43å¡ 10' 47.9""";" 4å¡ 48' 35.9"""
 Puech Cambert; 11,700 kW;" 43å¡ 44' 8""";" 2å¡ 49' 58.6"""
 Puech de l‰ÛªHomme; 16,100 kW;" 43å¡ 43' 10.6""";" 2å¡ 50' 28.8"""
 Punta Aja; 6,000 kW;" 42å¡ 30' 10.4""";" 8å¡ 42' 12.5"""
 Quatre Bornes; 20,700 kW;" 49å¡ 45' 44.5""";" 3å¡ 43' 52.4"""
 Quatre Seigneurs; 16,000 kW;" 47å¡ 31' 52.4""";" -1å¡ 34' 20.3"""
 Quatre VallÌ©es; 12,000 kW;" 48å¡ 44' 26""";" 4å¡ 23' 34.1"""
 Quatre VallÌ©es II; 20,000 kW;" 48å¡ 37' 8.5""";" 4å¡ 24' 50.3"""
 Quatre VallÌ©es III; 16,000 kW;" 48å¡ 44' 26""";" 4å¡ 23' 34.1"""
 Quatre-Chemins; 9,000 kW;" 48å¡ 52' 15.9""";" 4å¡ 37' 1.2"""
 Quatre-Chemins II; 9,000 kW;" 48å¡ 52' 36.1""";" 4å¡ 37' 5.7"""
 Quatre-Communes; 12,000 kW;" 48å¡ 49' 36.7""";" 4å¡ 23' 19.9"""
 Quesnoy sur Airaines; 12,300 kW;" 49å¡ 56' 6.2""";" 1å¡ 59' 48"""
 Quinze Mines; 6,000 kW;" 48å¡ 11' 38.3""";" 2å¡ 6' 46.6"""
 Quittebeuf; 8,200 kW;" 49å¡ 5' 43.7""";" 1å¡ 0' 11.3"""
 Radenac; 8,200 kW;" 47å¡ 57' 42.7""";" -2å¡ 42' 48.3"""
 Rageade 1; 12,000 kW;" 45å¡ 6' 17.2""";" 3å¡ 16' 39.1"""
 Rageade 2; 12,000 kW;" 45å¡ 6' 17.2""";" 3å¡ 16' 39.1"""
 Rambures; 12,000 kW;" 49å¡ 56' 46.8""";" 1å¡ 42' 18.9"""
 Ramonts; 11,750 kW;" 49å¡ 47' 25.6""";" 0å¡ 35' 48.9"""
 Rampont; 12,000 kW;" 49å¡ 6' 11.3""";" 5å¡ 15' 6.5"""
 RÌ©clainville; 6,000 kW;" 48å¡ 20' 18.4""";" 1å¡ 44' 46.5"""
 Remigny; 18,400 kW;" 49å¡ 43' 35.9""";" 3å¡ 18' 8"""
 Renneville; 18,450 kW;" 49å¡ 39' 29.9""";" 4å¡ 7' 49.8"""
 Rescotiou; 16,000 kW;" 48å¡ 16' 15.6""";" -3å¡ 19' 48.7"""
 RÌ©zentiÌ¬res-Vieillespesse; 10,000 kW;" 45å¡ 7' 43.1""";" 3å¡ 7' 34.6"""
 Rilhac-Lastours; 2,000 kW;" 45å¡ 38' 17.2""";" 1å¡ 6' 8.9"""
 Rivesaltes; 2,400 kW;" 42å¡ 48' 8.4""";" 2å¡ 53' 5.4"""
 Roinville; 8,000 kW;" 48å¡ 25' 57""";" 1å¡ 46' 13.8"""
 Roman-Blandey; 10,000 kW;" 48å¡ 50' 45.2""";" 1å¡ 4' 13.7"""
 Ronchois; 12,000 kW;" 49å¡ 42' 28.1""";" 1å¡ 37' 52.6"""
 Rond-Buisson; 10,000 kW;" 50å¡ 9' 15.9""";" 2å¡ 44' 49"""
 Roquetaillade; 17,000 kW;" 43å¡ 0' 4""";" 2å¡ 13' 59.3"""
 Rougemont; 36,140 kW (uprated turbines);" 47å¡ 28' 49.1""";" 6å¡ 20' 38.9"""
 Rougemont II; 44,480 kW (uprated turbines);" 47å¡ 28' 49.1""";" 6å¡ 20' 38.9"""
 Roussas; 10,500 kW;" 44å¡ 27' 36""";" 4å¡ 47' 24"""
 RouxiÌ¬re et Maumusson; 9,200 kW;" 47å¡ 28' 3.6""";" -1å¡ 5' 41.4"""
 Roye 2; 11,400 kW;" 49å¡ 43' 23.8""";" 2å¡ 43' 34.3"""
 Ruiret; 6,000 kW;" 45å¡ 11' 30.5""";" 3å¡ 14' 4.4"""
 Rully; 12,000 kW;" 48å¡ 49' 30.5""";" -0å¡ 42' 13.6"""
 Rurutu; 80 kW;" -22å¡ 26' 59.9""";" -151å¡ 21' 36"""
 Sachin; 9,200 kW;" 50å¡ 29' 11.7""";" 2å¡ 22' 29.8"""
 Sains-lÌ¬s-Pernes; 6,000 kW;" 50å¡ 28' 51.7""";" 2å¡ 19' 51.6"""
 Saint-AgrÌ¬ve la Citadelle; 13,800 kW;" 44å¡ 58' 12.5""";" 4å¡ 26' 39.5"""
 Saint-Alban; 10,000 kW;" 48å¡ 31' 41.9""";" -2å¡ 30' 9.4"""
 Saint-Amand-sur-Fion; 3,400 kW;" 48å¡ 49' 52""";" 4å¡ 38' 46.6"""
 Saint-AndrÌ©-Farivillers; 11,500 kW;" 49å¡ 34' 45.3""";" 2å¡ 17' 9.8"""
 Saint-Aubin-sur-Aire; 9,200 kW;" 48å¡ 41' 54.7""";" 5å¡ 26' 8.3"""
 Saint-BarnabÌ©; 12,000 kW;" 48å¡ 7' 19.3""";" -2å¡ 43' 36.9"""
 Saint-Bihy; 3,200 kW;" 48å¡ 22' 44.6""";" -2å¡ 58' 15.8"""
 Saint-Brieuc; 496,000 kW;" 48å¡ 51' 10.8""";" -2å¡ 32' 20.4"""
 Saint-Caradec; 7,500 kW;" 48å¡ 11' 28.5""";" -2å¡ 51' 1.2"""
 Saint-Christophe-du-Bois; 8,000 kW;" 47å¡ 1' 33""";" -1å¡ 0' 1.9"""
 Saint-ClÌ©ment; 1,200 kW;" 44å¡ 57' 0""";" 4å¡ 15' 35.9"""
 Saint-Coulitz; 8,000 kW;" 48å¡ 10' 36.2""";" -4å¡ 3' 19.6"""
 Saint-CrÌ©pin; 9,000 kW;" 45å¡ 59' 49.2""";" -0å¡ 44' 54.7"""
 Saint-Florentin; 12,000 kW;" 48å¡ 31' 17.6""";" 5å¡ 26' 12.9"""
 Saint-Fraigne; 12,000 kW;" 45å¡ 58' 33.2""";" 0å¡ 0' 49.1"""
 Saint-FranÌ¤ois; 11,400 kW;" 49å¡ 42' 34.3""";" 2å¡ 45' 0.4"""
 Saint-Germier; 10,000 kW;" 46å¡ 27' 24""";" -0å¡ 2' 16"""
 Saint-Hilaire-de-ChalÌ©ons; 12,300 kW;" 47å¡ 6' 11.3""";" -1å¡ 51' 51.6"""
 Saint-Hilaire-la-Croix; 1,000 kW;" 46å¡ 2' 50.2""";" 3å¡ 4' 12.9"""
 Saint-Jacques-de-NÌ©hou; 10,000 kW;" 49å¡ 25' 46.4""";" -1å¡ 37' 22"""
 Saint-Jean-Lachalm I; 12,000 kW;" 44å¡ 58' 11.9""";" 3å¡ 43' 12"""
 Saint-Jean-Lachalm II; 6,000 kW;" 44å¡ 58' 11.9""";" 3å¡ 43' 12"""
 Saint-Julien-du-Terroux; 10,250 kW;" 48å¡ 29' 48.4""";" -0å¡ 24' 25"""
 Saint-LÌ©ger I; 3,400 kW;" 50å¡ 11' 23.9""";" 2å¡ 51' 35.9"""
 Saint-LÌ©ger II; 6,000 kW;" 50å¡ 11' 6.7""";" 2å¡ 51' 33.3"""
 Saint-MandÌ©-sur-BrÌ©doire; 12,000 kW;" 46å¡ 1' 28.8""";" -0å¡ 17' 54"""
 Saint-Martin-des-Besaces; 6,000 kW;" 49å¡ 1' 33.8""";" -0å¡ 47' 43.2"""
 Saint-Martin-L‰ÛªArs; 10,250 kW;" 46å¡ 13' 10.1""";" 0å¡ 31' 49.9"""
 Saint-Michel-Chef-Chef; 10,250 kW;" 47å¡ 11' 7.9""";" -2å¡ 6' 32.3"""
 Saint-Nazaire; 480,000 kW;" 47å¡ 9' 25.1""";" -2å¡ 36' 21.5"""
 Saint-Nicolas-des-Biefs; 14,000 kW;" 46å¡ 3' 34.8""";" 3å¡ 46' 58"""
 Saint-Philbert-de-Bouaine I; 6,150 kW;" 47å¡ 0' 20.9""";" -1å¡ 29' 36.5"""
 Saint-Philbert-de-Bouaine II; 10,250 kW;" 47å¡ 0' 20.9""";" -1å¡ 29' 36.5"""
 Saint-Pierre-de-MaillÌ© I; 12,500 kW;" 46å¡ 40' 43.1""";" 0å¡ 49' 25.6"""
 Saint-Pierre-de-MaillÌ© II; 12,500 kW;" 46å¡ 40' 43.1""";" 0å¡ 49' 25.6"""
 Saint-Python;;" 50å¡ 11' 17.4""";" 3å¡ 26' 47.4"""
 Saint-Servais; 5,600 kW;" 48å¡ 24' 12.6""";" -3å¡ 21' 58.1"""
 Saint-Servant-sur-Oust; 12,000 kW;" 47å¡ 53' 23.7""";" -2å¡ 30' 49.8"""
 Saint-ThÌ©gonnec; 4,000 kW;" 48å¡ 28' 57.2""";" -3å¡ 54' 3.6"""
 Sainte Suzanne - La PerriÌ¬re; 3,025 kW (uprated turbines);;
 Sainte-Colombe; 15,400 kW;" 47å¡ 34' 29.5""";" 3å¡ 55' 1.6"""
 Sainte-Marie-de-Redon; 1,250 kW;" 47å¡ 40' 52.9""";" -2å¡ 3' 16.6"""
 Sainte-Marie-du-Mont; 250 kW;" 49å¡ 23' 37.4""";" -1å¡ 12' 27.2"""
 Sainte-Pazanne; 12,000 kW;" 47å¡ 3' 21.3""";" -1å¡ 50' 16.1"""
 Sainte-Rose; 6,325 kW;" -21å¡ 10' 12""";" 55å¡ 48' 36"""
 Sallen; 8,000 kW;" 49å¡ 6' 35.9""";" -0å¡ 51' 0"""
 SambrÌ¬s; 53,300 kW;" 43å¡ 22' 30.2""";" 2å¡ 22' 53.1"""
 Santerre Energies; 20,000 kW;" 49å¡ 45' 55.7""";" 2å¡ 33' 55.8"""
 SaÌ«ne et Meudon; 8,000 kW;" 48å¡ 8' 34.3""";" 6å¡ 5' 40.7"""
 Sasseville - Drosay; 15,000 kW;" 49å¡ 47' 24.2""";" 0å¡ 42' 37.2"""
 SÌ©gur; 12,000 kW;" 44å¡ 14' 44.2""";" 2å¡ 51' 27.8"""
 Seine Rive-Gauche Nord; 45,000 kW (uprated turbines);;
 Seine Rive-Gauche Sud; 32,000 kW;" 48å¡ 23' 3.8""";" 3å¡ 56' 3.3"""
 SEM REV; 8,000 kW;" 47å¡ 14' 24""";" -2å¡ 46' 40.7"""
 Sentelie-Brassy-Thoix-Courcelles sous Thoix; 11,500 kW;" 49å¡ 43' 0.5""";" 2å¡ 2' 52"""
 SÌ©raumont; 6,150 kW;" 48å¡ 25' 34""";" 5å¡ 34' 53.9"""
 Serre des Fourches; 600 kW;" 44å¡ 41' 12.4""";" 4å¡ 31' 28.4"""
 Sery-CarriÌ¬re Martin; 16,000 kW;" 49å¡ 46' 21""";" 3å¡ 28' 32.8"""
 Seuil de Bapaume; 15,000 kW;" 50å¡ 3' 29""";" 2å¡ 53' 22.6"""
 Seuil-Mont Laurent; 10,000 kW;;
 SÌ©vÌ©rac-GuenrouÌÇt; 8,200 kW;" 47å¡ 32' 11""";" -2å¡ 0' 48.4"""
 Singladou; 2,300 kW;" 43å¡ 40' 7.5""";" 2å¡ 35' 35.7"""
 Sion les Mines; 10,000 kW;;
 Sole du Moulin-Vieux; 10,250 kW;" 49å¡ 50' 36.6""";" 2å¡ 48' 5.6"""
 Somme Soude; 2,050 kW;" 48å¡ 52' 11""";" 4å¡ 4' 56"""
 Sommereux; 12,300 kW;" 49å¡ 40' 45""";" 1å¡ 59' 29.3"""
 Soudan Energies; 10,000 kW;" 46å¡ 24' 48.1""";" -0å¡ 4' 52.1"""
 Souilly CÌ«te du Gibet; 10,000 kW;" 49å¡ 1' 40.6""";" 5å¡ 17' 10.2"""
 Souilly La Gargasse; 8,000 kW;" 49å¡ 1' 40.6""";" 5å¡ 17' 10.2"""
 Soulanes de Nore; 10,000 kW;" 43å¡ 26' 8.2""";" 2å¡ 32' 35.1"""
 Soulanges et Saint Amand I; 10,250 kW;" 48å¡ 47' 48.6""";" 4å¡ 34' 3.3"""
 Soulanges et Saint Amand II; 10,250 kW;" 48å¡ 47' 48.6""";" 4å¡ 34' 3.3"""
 Souleilla-CorbiÌ¬res; 13,000 kW;" 42å¡ 54' 35.9""";" 2å¡ 55' 11.9"""
 Soulvache; 8,000 kW;" 47å¡ 48' 49.3""";" -1å¡ 27' 11.6"""
 Sources de la Loire; 12,300 kW;" 44å¡ 45' 19.6""";" 4å¡ 5' 28.4"""
 Sourdeval-les-Bois; 2,000 kW;" 48å¡ 54' 32.9""";" -1å¡ 16' 4.4"""
 SouvignÌ©; 8,000 kW;" 46å¡ 22' 24.1""";" -0å¡ 11' 14.5"""
 SpinFloat Demonstrator; 6,000 kW;" 43å¡ 0' 0""";" 3å¡ 23' 59.9"""
 St-Jean-de-Thurac; 200 kW;" 44å¡ 9' 13.5""";" 0å¡ 44' 36.4"""
 Sud-Vienne - Grands-Champs; 12,000 kW;" 46å¡ 6' 44.8""";" 0å¡ 15' 42.4"""
 Sud-Vienne - Monts Joubert; 12,000 kW;" 46å¡ 6' 5.2""";" 0å¡ 15' 39.9"""
 Taingy; 6,000 kW;" 47å¡ 37' 37""";" 3å¡ 24' 18.1"""
 Talizat-RÌ©zentiÌ¬res I; 12,000 kW;" 45å¡ 8' 16.7""";" 3å¡ 4' 22.3"""
 Talizat-RÌ©zentiÌ¬res II; 6,000 kW;" 45å¡ 7' 52.4""";" 3å¡ 5' 17.9"""
 Tambours; 8,350 kW;" 50å¡ 17' 51.7""";" 2å¡ 11' 39.4"""
 Tarzy; 8,000 kW;" 49å¡ 51' 43.8""";" 4å¡ 18' 3.3"""
 TassillÌ©; 8,000 kW;" 47å¡ 58' 34.4""";" -0å¡ 6' 0.1"""
 Ternois Est; 11,500 kW;" 50å¡ 21' 13.8""";" 2å¡ 24' 32.3"""
 Ternois Nord; 9,200 kW;" 50å¡ 24' 37.5""";" 2å¡ 24' 42.2"""
 Ternois Sud; 13,800 kW;" 50å¡ 20' 16.6""";" 2å¡ 16' 37"""
 Terre de Bas; 1,925 kW;" 15å¡ 50' 59.9""";" -61å¡ 37' 48"""
 Terre de Beaumont; 25,000 kW;" 49å¡ 38' 29""";" 4å¡ 6' 24.5"""
 Terres Blanches; 14,000 kW;" 45å¡ 15' 26.4""";" 5å¡ 1' 44"""
 Terres Froides; 10,000 kW;" 46å¡ 14' 43.7""";" 0å¡ 46' 10.5"""
 Terres Noires; 19,020 kW;" 49å¡ 47' 0""";" 3å¡ 17' 42.2"""
 TÌ©terchen; 9,000 kW;" 49å¡ 14' 28""";" 6å¡ 34' 26.1"""
 Theil-Rabier; 12,000 kW;" 46å¡ 3' 49.2""";" 0å¡ 5' 47"""
 Thibie; 18,000 kW;" 48å¡ 53' 42.1""";" 4å¡ 13' 23.2"""
 Thicourt; 8,000 kW;" 48å¡ 59' 58.4""";" 6å¡ 33' 31.1"""
 TignÌ©; 8,000 kW;" 47å¡ 11' 49""";" -0å¡ 28' 21.3"""
 Tigny-Noyelle; 11,500 kW;" 50å¡ 21' 52.1""";" 1å¡ 42' 37.3"""
 TIPER; 6,600 kW;" 46å¡ 59' 27.7""";" -0å¡ 10' 18.9"""
 Touongo; 4,950 kW;" -22å¡ 15' 46.3""";" 166å¡ 34' 8.5"""
 Tourette; 12,500 kW;" 50å¡ 4' 46.2""";" 2å¡ 17' 10.8"""
 Tourreilles-BouriÌ¬ge;;" 43å¡ 0' 26.4""";" 2å¡ 9' 53.8"""
 Touvent; 13,800 kW;" 50å¡ 2' 11.2""";" 1å¡ 32' 0.7"""
 Touvois; 8,200 kW;" 46å¡ 54' 13.4""";" -1å¡ 41' 2.8"""
 Trans-CourcitÌ©; 9,900 kW;" 48å¡ 16' 53.4""";" -0å¡ 16' 49.8"""
 TrÌ©bry; 9,000 kW;" 48å¡ 18' 43.9""";" -2å¡ 33' 30.9"""
 Treffendel; 8,000 kW;" 48å¡ 2' 11.5""";" -2å¡ 1' 19.1"""
 TrÌ©meheuc; 12,000 kW;" 48å¡ 26' 33.9""";" -1å¡ 42' 13.7"""
 Trois ÌävÌ»ques; 12,000 kW;" 43å¡ 25' 54.9""";" 2å¡ 34' 6"""
 Trois Sources; 36,000 kW;" 48å¡ 32' 17.1""";" 5å¡ 24' 57.9"""
 Truc de l‰ÛªHomme; 11,690 kW;" 44å¡ 46' 19.6""";" 3å¡ 11' 33.2"""
 Tuchan I; 3,000 kW;" 42å¡ 55' 3""";" 2å¡ 40' 34.6"""
 Tuchan II; 6,000 kW;" 42å¡ 55' 3""";" 2å¡ 40' 34.6"""
 Tuchan III; 2,700 kW;" 42å¡ 55' 3""";" 2å¡ 40' 34.6"""
 Ty-Ru; 10,000 kW;" 48å¡ 34' 27.4""";" -3å¡ 43' 8.1"""
 Usson; 10,000 kW;" 46å¡ 16' 39.9""";" 0å¡ 32' 5.9"""
 Vaite; 38,920 kW (uprated turbines);;
 Val de Gronde; 12,000 kW;" 49å¡ 40' 30.5""";" 2å¡ 47' 35.1"""
 Val de NiÌ¬vre; 8,000 kW;" 50å¡ 1' 28""";" 2å¡ 7' 58"""
 Val d‰ÛªAy; 11,500 kW;" 45å¡ 7' 16""";" 4å¡ 27' 52.3"""
 Val d‰ÛªEole; 12,000 kW;" 48å¡ 25' 0""";" 4å¡ 3' 13.6"""
 Valhuon I; 2,000 kW;" 50å¡ 25' 12""";" 2å¡ 22' 47.9"""
 Valhuon II; 23,000 kW;" 50å¡ 26' 48.8""";" 2å¡ 21' 20.5"""
 VallÌ©e aux Grillons; 11,000 kW;" 48å¡ 25' 19.9""";" 3å¡ 28' 59.9"""
 VallÌ©e de l‰ÛªAa; 8,000 kW;" 50å¡ 36' 18""";" 2å¡ 7' 27.9"""
 VallÌ©e de l‰ÛªArce; 6,150 kW;" 48å¡ 9' 46.3""";" 4å¡ 30' 45"""
 VallÌ©e de l‰ÛªHÌ©rault; 14,000 kW;" 43å¡ 32' 13.2""";" 3å¡ 37' 21.6"""
 VallÌ©e des Gommiers; 12,000 kW;" 48å¡ 4' 2.6""";" 1å¡ 41' 22.1"""
 VallÌ©e du Don; 10,000 kW;" 47å¡ 34' 11.9""";" -1å¡ 39' 52.6"""
 VallÌ©e du Rognon; 12,000 kW;" 48å¡ 11' 34.5""";" 5å¡ 13' 52.4"""
 VallÌ©e Gentillesse; 6,000 kW;" 48å¡ 51' 13.1""";" 4å¡ 33' 49.3"""
 VallÌ©e Madame; 11,500 kW;" 49å¡ 53' 39.4""";" 2å¡ 6' 43.7"""
 Vanault-le-ChÌ¢tel; 8,500 kW;" 48å¡ 51' 28.3""";" 4å¡ 39' 24.8"""
 Varades - Pot aux chiens; 4,800 kW;" 47å¡ 26' 35.1""";" -1å¡ 1' 40.1"""
 Vauvillers 2; 12,000 kW;" 49å¡ 50' 24""";" 2å¡ 43' 12"""
 Vaux Andigny; 21,000 kW;" 50å¡ 1' 25.7""";" 3å¡ 30' 51"""
 Vaux-Coulommes; 18,000 kW;" 49å¡ 25' 20.3""";" 4å¡ 33' 0.8"""
 Vent de Brunelle; 7,500 kW;" 48å¡ 48' 44.2""";" 4å¡ 36' 11.3"""
 Vent de Cernon; 10,000 kW;" 48å¡ 50' 33.6""";" 4å¡ 21' 44.1"""
 Vents de ThiÌ©rache 1; 12,500 kW;" 49å¡ 51' 2.7""";" 4å¡ 20' 2.1"""
 Vents de ThiÌ©rache 2; 15,000 kW;" 49å¡ 51' 2.7""";" 4å¡ 20' 2.1"""
 Vernoux-en-GÌ¢tine; 8,000 kW;" 46å¡ 38' 46.8""";" -0å¡ 28' 20.7"""
 Veulettes-sur-Mer; 8,000 kW;" 49å¡ 51' 0""";" 0å¡ 36' 0"""
 Vexin-sur-Epte; 13,800 kW;" 49å¡ 10' 42.6""";" 1å¡ 37' 23.1"""
 Viapres 1; 12,000 kW;" 48å¡ 37' 15.7""";" 4å¡ 3' 5.8"""
 Viapres 2; 2,000 kW;" 48å¡ 36' 27.6""";" 4å¡ 4' 18.5"""
 Vielle CarriÌ¬re; 12,000 kW;" 49å¡ 45' 36""";" 3å¡ 31' 16.5"""
 Viertiville; 11,500 kW;" 47å¡ 53' 53.7""";" 1å¡ 26' 52"""
 Ville aux Bois; 8,000 kW;" 49å¡ 26' 10.2""";" 3å¡ 50' 16.1"""
 Villemur; 2,300 kW;" 45å¡ 49' 19.3""";" 0å¡ 7' 12.5"""
 VillesÌ¬que des CorbiÌ¬res; 50,600 kW;" 43å¡ 1' 8.2""";" 2å¡ 52' 12.9"""
 Vilpion; 15,000 kW;" 49å¡ 47' 29.8""";" 3å¡ 48' 34"""
 Voie des Monts; 10,000 kW;" 49å¡ 47' 58.3""";" 3å¡ 16' 23.3"""
 Voie du Moulin; 10,250 kW;" 49å¡ 23' 32.8""";" 1å¡ 16' 24.1"""
 Voie SacrÌ©e; 6,000 kW;" 48å¡ 53' 48.3""";" 5å¡ 14' 26.3"""
 Voyennes; 16,000 kW;" 49å¡ 45' 33.7""";" 2å¡ 58' 25.4"""
 Vron 1; 8,000 kW;" 50å¡ 18' 11.8""";" 1å¡ 43' 55.4"""
 Vron 2; 9,200 kW;" 50å¡ 18' 11.8""";" 1å¡ 43' 55.4"""
 Wancourt; 2,000 kW;" 50å¡ 15' 59.7""";" 2å¡ 50' 55.6"""
 Welling; 10,000 kW;" 49å¡ 10' 38.9""";" 6å¡ 31' 23.2"""
 Widehem; 0 kW;" 50å¡ 34' 47.9""";" 1å¡ 38' 23.9"""
 Wormhout; 400 kW;" 50å¡ 52' 50""";" 2å¡ 29' 20.7"""
 WÒlfling-lÌ¬s-Sarreguemines; 10,250 kW;" 49å¡ 4' 42.1""";" 7å¡ 11' 38"""
 Xambes; 11,500 kW;" 45å¡ 49' 19.3""";" 0å¡ 7' 12.5"""
 Ypreville-Biville; 12,000 kW;" 49å¡ 40' 40.4""";" 0å¡ 31' 59.1"""
 Yvignac; 8,000 kW;" 48å¡ 22' 14.9""";" -2å¡ 9' 47"""
 Zondrange; 12,500 kW;" 49å¡ 6' 1.3""";" 6å¡ 30' 25.4"""